"","ID","Name","Team","HidPos","Position","£m","%","Tot Pts","PPG","PPM","PPGPM","T6","G6","PPG6","SXI","Sub","G","A","Tck","Sav","FCS","PCS","GC","OG","YC","RC","M P","S P"
"","223094","Erling Haaland","Manchester City","4","STR","8.0","75.7","293","7.51","36.63","0.94","0","0","0.00","37","2","39","9","0","0","0","0","0","0","5","0","0","0"
"","78830","Harry Kane","Tottenham Hotspur","4","STR","7.5","13.6","253","6.33","33.73","0.84","0","0","0.00","39","1","31","9","0","0","0","0","0","0","6","0","1","0"
"","118748","Mohamed Salah","Liverpool","4","STR","7.2","20.8","216","5.27","30.00","0.73","0","0","0.00","39","2","20","14","0","0","0","0","0","0","2","0","2","0"
"","223340","Bukayo Saka","Arsenal","3","MID","5.7","47.4","201","5.03","35.26","0.88","0","0","0.00","39","1","14","12","62","0","0","0","0","0","6","0","1","0"
"","141746","Bruno Fernandes","Manchester Utd","3","MID","6.3","16.5","198","4.60","31.43","0.73","0","0","0.00","43","0","11","11","83","0","0","0","0","0","7","0","0","0"
"","176297","Marcus Rashford","Manchester Utd","4","STR","5.9","28.2","193","4.71","32.71","0.80","0","0","0.00","37","4","18","9","0","0","0","0","0","0","2","0","0","0"
"","444145","Gabriel Martinelli","Arsenal","3","MID","4.8","22.3","185","4.87","38.54","1.01","0","0","0.00","35","3","15","10","31","0","0","0","0","0","3","0","0","0"
"","116535","Alisson","Liverpool","1","GK","4.5","6.7","181","4.64","40.22","1.03","0","0","0.00","39","0","0","1","0","114","14","0","47","0","1","0","0","1"
"","154561","David Raya","Brentford","1","GK","3.6","8.8","181","4.76","50.28","1.32","0","0","0.00","38","0","0","0","0","155","12","0","46","1","1","0","0","0"
"","61366","Kevin De Bruyne","Manchester City","3","MID","6.7","15.7","181","5.03","27.01","0.75","0","0","0.00","32","4","8","22","32","0","0","0","0","0","1","0","0","0"
"","184029","Martin Ødegaard","Arsenal","3","MID","5.1","18.4","177","4.66","34.71","0.91","0","0","0.00","37","1","15","8","35","0","0","0","0","0","4","0","0","0"
"","60307","Pascal Groß","B & H Albion","3","MID","3.7","13.7","176","4.19","47.57","1.13","0","0","0.00","42","0","10","10","59","0","0","0","0","1","6","0","0","0"
"","98747","Nick Pope","Newcastle Utd","1","GK","4.0","21.2","174","4.70","43.50","1.18","0","0","0.00","37","0","0","0","0","87","14","0","32","0","3","1","0","2"
"","144485","Ivan Toney","Brentford","4","STR","5.2","1.4","167","5.06","32.12","0.97","0","0","0.00","33","0","20","4","0","0","0","0","0","0","9","0","1","0"
"","178301","Ollie Watkins","Aston Villa","4","STR","5.5","10.2","167","4.39","30.36","0.80","0","0","0.00","36","2","15","8","0","0","0","0","0","0","4","0","1","0"
"","209244","Phil Foden","Manchester City","3","MID","5.0","13.7","165","4.46","33.00","0.89","0","0","0.00","25","12","14","11","18","0","0","0","0","0","2","0","0","0"
"","225321","Aaron Ramsdale","Arsenal","1","GK","4.3","10.2","163","4.29","37.91","1.00","0","0","0.00","38","0","0","0","0","93","14","0","43","0","1","0","0","0"
"","243016","Alexis Mac Allister","Liverpool","3","MID","3.8","31.1","163","4.08","42.89","1.07","0","0","0.00","35","5","12","3","74","0","0","0","0","1","8","0","0","0"
"","77794","Kieran Trippier","Newcastle Utd","2","DEF","4.0","34.9","162","4.15","40.50","1.04","0","0","0.00","38","1","1","9","0","0","14","0","31","1","5","0","0","0"
"","109345","Solly March","B & H Albion","3","MID","3.5","8.7","161","4.35","46.00","1.24","0","0","0.00","35","2","7","12","56","0","0","0","0","0","2","0","0","0"
"","80201","Bernd Leno","Fulham","1","GK","3.4","2.3","157","4.24","46.18","1.25","0","0","0.00","37","0","0","0","0","148","8","0","54","0","3","0","0","1"
"","75115","Callum Wilson","Newcastle Utd","4","STR","5.0","8.0","156","5.03","31.20","1.01","0","0","0.00","21","10","18","6","0","0","0","0","0","0","4","0","0","0"
"","154296","João Palhinha","Fulham","3","MID","3.1","9.9","155","3.88","50.00","1.25","0","0","0.00","39","1","4","0","163","0","0","0","0","1","14","0","0","0"
"","85971","Heung-Min Son","Tottenham Hotspur","4","STR","6.4","3.9","154","3.95","24.06","0.62","0","0","0.00","36","3","12","7","0","0","0","0","0","0","2","0","0","0"
"","149065","José Sá","Wolverhampton","1","GK","3.5","1.2","153","4.14","43.71","1.18","0","0","0.00","37","0","0","0","0","109","11","0","56","0","2","0","0","2"
"","198869","Ben White","Arsenal","2","DEF","4.0","10.1","153","3.92","38.25","0.98","0","0","0.00","36","3","2","5","0","0","14","1","35","0","5","0","0","0"
"","37096","Lukasz Fabianski","West Ham Utd","1","GK","3.8","0.9","152","4.11","40.00","1.08","0","0","0.00","37","0","0","0","0","110","10","0","48","0","1","0","0","1"
"","169187","Trent Alexander-Arnold","Liverpool","2","DEF","5.5","24.8","150","3.85","27.27","0.70","0","0","0.00","36","3","2","12","0","0","10","3","47","0","5","0","0","0"
"","178186","Jarrod Bowen","West Ham Utd","3","MID","5.2","5.3","150","3.66","28.85","0.70","0","0","0.00","38","3","7","10","40","0","0","0","0","0","2","0","1","0"
"","103025","Riyad Mahrez","Manchester City","3","MID","5.7","1.6","149","4.26","26.14","0.75","0","0","0.00","27","8","10","13","42","0","0","0","0","0","2","0","0","0"
"","116216","Leandro Trossard","Arsenal","3","MID","4.4","4.0","147","3.97","33.41","0.90","0","0","0.00","27","10","8","13","24","0","0","0","0","0","1","0","0","0"
"","98980","Emiliano Martínez","Aston Villa","1","GK","3.9","6.5","146","4.06","37.44","1.04","0","0","0.00","36","0","0","0","0","98","11","0","38","1","7","0","0","1"
"","226597","Gabriel Magalhães","Arsenal","2","DEF","3.9","13.0","146","3.65","37.44","0.94","0","0","0.00","40","0","3","0","0","0","15","0","44","0","5","0","0","0"
"","179018","Miguel Almirón","Newcastle Utd","3","MID","3.8","7.8","145","4.14","38.16","1.09","0","0","0.00","29","6","11","4","50","0","0","0","0","0","2","0","0","0"
"","207283","Mathias Jensen","Brentford","3","MID","3.4","1.8","145","3.82","42.65","1.12","0","0","0.00","38","0","5","7","74","0","0","0","0","0","5","0","0","0"
"","111234","Jordan Pickford","Everton","1","GK","3.6","3.4","144","3.79","40.00","1.05","0","0","0.00","38","0","0","1","0","128","8","0","60","0","5","0","0","1"
"","232413","Eberechi Eze","Crystal Palace","3","MID","3.8","14.0","144","3.69","37.89","0.97","0","0","0.00","30","9","10","5","44","0","0","0","0","0","3","0","0","0"
"","451340","Kaoru Mitoma","B & H Albion","3","MID","3.6","27.3","144","3.79","40.00","1.05","0","0","0.00","29","9","9","11","49","0","0","0","0","0","1","0","0","0"
"","230046","Douglas Luiz","Aston Villa","3","MID","3.5","2.2","142","3.74","40.57","1.07","0","0","0.00","34","4","6","7","72","0","0","0","0","0","6","1","0","0"
"","172780","James Maddison","Tottenham Hotspur","3","MID","5.2","9.9","141","4.55","27.12","0.87","0","0","0.00","29","2","10","9","48","0","0","0","0","0","11","0","1","0"
"","446008","Bryan Mbeumo","Brentford","4","STR","3.8","11.0","141","3.71","37.11","0.98","0","0","0.00","36","2","9","9","0","0","0","0","0","0","5","0","0","0"
"","51927","Ben Mee","Brentford","2","DEF","3.1","16.4","140","3.68","45.16","1.19","0","0","0.00","38","0","3","2","0","0","12","0","41","0","2","0","0","0"
"","119471","Fabian Schär","Newcastle Utd","2","DEF","3.5","9.6","139","3.86","39.71","1.10","0","0","0.00","36","0","1","3","0","0","14","0","28","1","7","0","0","0"
"","153133","Alex Iwobi","Everton","3","MID","3.5","0.5","136","3.49","38.86","1.00","0","0","0.00","39","0","2","8","71","0","0","0","0","0","2","0","0","0"
"","232653","Jacob Ramsey","Aston Villa","3","MID","3.4","3.0","136","3.78","40.00","1.11","0","0","0.00","31","5","6","8","68","0","0","0","0","1","5","0","0","0"
"","204214","Pervis Estupiñán","B & H Albion","2","DEF","3.4","27.5","135","3.46","39.71","1.02","0","0","0.00","35","4","1","9","0","0","10","2","45","0","4","0","0","0"
"","220237","Sven Botman","Newcastle Utd","2","DEF","3.5","7.7","135","3.75","38.57","1.07","0","0","0.00","36","0","0","2","0","0","13","1","32","0","2","0","0","0"
"","433154","Dwight McNeil","Everton","4","STR","3.4","0.7","135","3.65","39.71","1.07","0","0","0.00","28","9","7","5","0","0","0","0","0","0","5","0","0","0"
"","83299","Lewis Dunk","B & H Albion","2","DEF","3.5","6.7","134","3.35","38.29","0.96","0","0","0.00","40","0","2","1","0","0","15","0","51","1","5","0","0","0"
"","222531","Morgan Gibbs-White","Nottingham Forest","3","MID","3.2","7.7","134","3.62","41.88","1.13","0","0","0.00","36","1","5","12","28","0","0","0","0","0","6","0","0","0"
"","121160","Ederson","Manchester City","1","GK","4.6","7.6","133","3.69","28.91","0.80","0","0","0.00","35","1","0","1","0","46","11","1","32","0","3","0","0","0"
"","204480","Declan Rice","Arsenal","3","MID","3.8","10.4","133","3.41","35.00","0.90","0","0","0.00","38","1","4","4","80","0","0","0","0","0","5","0","1","0"
"","78916","Dan Burn","Newcastle Utd","2","DEF","3.6","3.0","132","3.47","36.67","0.96","0","0","0.00","35","3","1","0","0","0","13","1","30","0","5","0","0","0"
"","208706","Bruno Guimarães","Newcastle Utd","3","MID","3.6","5.1","132","4.00","36.67","1.11","0","0","0.00","32","1","5","5","82","0","0","0","0","0","7","0","0","0"
"","168991","Philip Billing","Bournemouth","3","MID","3.2","0.9","131","3.54","40.94","1.11","0","0","0.00","35","2","7","2","66","0","0","0","0","0","5","0","0","0"
"","443661","Michael Olise","Crystal Palace","3","MID","3.7","1.4","131","3.45","35.41","0.93","0","0","0.00","32","6","2","11","61","0","0","0","0","0","2","0","0","0"
"","154566","Dominic Solanke","Bournemouth","4","STR","4.2","0.8","130","3.82","30.95","0.91","0","0","0.00","33","1","7","10","0","0","0","0","0","0","2","0","0","0"
"","220566","Rodri","Manchester City","3","MID","4.0","4.2","129","3.23","32.25","0.81","0","0","0.00","38","2","2","6","76","0","0","0","0","0","7","0","0","0"
"","106760","Luke Shaw","Manchester Utd","2","DEF","4.3","7.6","128","3.66","29.77","0.85","0","0","0.00","34","1","1","5","0","0","13","1","39","0","9","0","0","0"
"","61256","Casemiro","Manchester Utd","3","MID","3.8","5.2","128","3.88","33.68","1.02","0","0","0.00","28","5","6","3","104","0","0","0","0","0","8","2","0","0"
"","114283","Jack Grealish","Manchester City","3","MID","4.9","6.6","128","3.88","26.12","0.79","0","0","0.00","26","7","5","13","28","0","0","0","0","0","3","0","0","0"
"","461358","Julián Álvarez","Manchester City","4","STR","4.9","2.3","128","3.56","26.12","0.73","0","0","0.00","17","19","12","5","0","0","0","0","0","0","0","0","0","0"
"","215439","Tomás Soucek","West Ham Utd","3","MID","3.4","0.4","127","3.26","37.35","0.96","0","0","0.00","35","4","2","5","83","0","0","0","0","0","4","0","0","0"
"","242898","Brennan Johnson","Nottingham Forest","4","STR","3.1","3.2","127","3.26","40.97","1.05","0","0","0.00","33","6","8","6","0","0","0","0","0","0","7","0","2","0"
"","109745","Kepa Arrizabalaga","Chelsea","1","GK","3.9","1.8","125","4.17","32.05","1.07","0","0","0.00","30","0","0","0","0","94","9","0","37","0","1","0","0","0"
"","122798","Andrew Robertson","Liverpool","2","DEF","5.2","4.4","125","3.47","24.04","0.67","0","0","0.00","31","5","0","8","0","0","9","4","38","0","4","0","0","0"
"","156689","Andreas Pereira","Fulham","3","MID","3.0","3.3","124","3.26","41.33","1.09","0","0","0.00","37","1","5","10","18","0","0","0","0","0","9","0","0","0"
"","486672","Moisés Caicedo","B & H Albion","3","MID","3.3","2.9","124","3.02","37.58","0.92","0","0","0.00","38","3","1","2","106","0","0","0","0","0","11","0","0","0"
"","211975","Manuel Akanji","Manchester City","2","DEF","4.0","11.3","123","3.51","30.75","0.88","0","0","0.00","29","6","0","1","0","0","11","4","24","0","2","0","0","0"
"","132015","Pierre-Emile Højbjerg","Tottenham Hotspur","3","MID","3.6","0.5","123","3.42","34.17","0.95","0","0","0.00","36","0","4","5","60","0","0","0","0","0","5","0","0","0"
"","165809","Bernardo Silva","Manchester City","3","MID","4.9","1.9","122","3.13","24.90","0.64","0","0","0.00","28","11","4","7","56","0","0","0","0","0","7","0","0","0"
"","180974","Joelinton","Newcastle Utd","3","MID","3.5","1.6","122","3.70","34.86","1.06","0","0","0.00","31","2","6","5","69","0","0","0","0","0","12","0","0","0"
"","128389","Aleksandar Mitrovic","Fulham","4","STR","5.0","0.9","122","4.36","24.40","0.87","0","0","0.00","25","3","15","4","0","0","0","0","0","0","7","1","4","0"
"","224024","Lucas Paquetá","West Ham Utd","3","MID","4.0","1.3","121","4.03","30.25","1.01","0","0","0.00","29","1","4","5","78","0","0","0","0","0","6","0","0","0"
"","205651","Gabriel Jesus","Arsenal","4","STR","6.3","3.4","120","4.62","19.05","0.73","0","0","0.00","24","2","11","7","0","0","0","0","0","0","6","0","0","0"
"","97032","Virgil van Dijk","Liverpool","2","DEF","5.3","5.4","119","3.72","22.45","0.70","0","0","0.00","32","0","3","1","0","0","11","0","36","0","3","0","0","0"
"","195546","Emiliano Buendía","Aston Villa","3","MID","3.7","1.2","119","3.05","32.16","0.82","0","0","0.00","27","12","5","3","52","0","0","0","0","0","0","0","0","0"
"","149484","Tyrone Mings","Aston Villa","2","DEF","3.3","5.2","117","3.34","35.45","1.01","0","0","0.00","35","0","1","3","0","0","12","0","40","1","7","0","0","0"
"","172841","Saïd Benrahma","West Ham Utd","3","MID","3.8","0.4","117","3.08","30.79","0.81","0","0","0.00","23","15","8","3","26","0","0","0","0","0","0","0","0","0"
"","200089","Joe Willock","Newcastle Utd","3","MID","3.5","0.4","117","3.25","33.43","0.93","0","0","0.00","31","5","3","6","52","0","0","0","0","0","1","0","0","0"
"","194010","Rico Henry","Brentford","2","DEF","3.0","3.7","115","3.03","38.33","1.01","0","0","0.00","37","1","0","3","0","0","11","0","46","0","4","0","0","0"
"","153366","Harrison Reed","Fulham","3","MID","2.9","0.6","115","2.74","39.66","0.94","0","0","0.00","37","5","3","4","52","0","0","0","0","1","5","0","0","0"
"","447203","Darwin Núñez","Liverpool","4","STR","6.1","4.5","112","3.61","18.36","0.59","0","0","0.00","20","11","10","5","0","0","0","0","0","0","1","1","0","0"
"","462424","William Saliba","Arsenal","2","DEF","3.6","30.3","111","3.96","30.83","1.10","0","0","0.00","27","1","2","1","0","0","12","0","26","1","4","0","0","0"
"","58621","Kyle Walker","Manchester City","2","DEF","4.8","2.4","110","3.44","22.92","0.72","0","0","0.00","26","6","0","1","0","0","10","3","21","0","3","0","0","0"
"","199798","Ezri Konsa","Aston Villa","2","DEF","3.0","3.1","109","2.87","36.33","0.96","0","0","0.00","37","1","0","0","0","0","12","0","45","0","6","0","0","0"
"","69752","Neto","Bournemouth","1","GK","2.6","1.1","108","4.00","41.54","1.54","0","0","0.00","27","0","0","0","0","100","6","0","39","0","4","0","0","0"
"","231065","Ethan Pinnock","Brentford","2","DEF","2.8","4.2","108","3.60","38.57","1.29","0","0","0.00","30","0","3","0","0","0","10","0","34","1","0","0","0","0"
"","115556","Ben Davies","Tottenham Hotspur","2","DEF","3.0","1.3","107","3.24","35.67","1.08","0","0","0.00","28","5","2","2","0","0","10","1","34","0","5","0","0","0"
"","40836","Vicente Guaita","Crystal Palace","1","GK","3.3","0.4","106","3.79","32.12","1.15","0","0","0.00","28","0","0","0","0","87","6","0","36","0","1","0","0","0"
"","167074","Kenny Tete","Fulham","2","DEF","2.6","2.5","106","3.03","40.77","1.16","0","0","0.00","32","3","1","5","0","0","7","3","39","0","8","0","0","0"
"","171314","Rúben Dias","Manchester City","2","DEF","5.2","4.2","105","3.62","20.19","0.70","0","0","0.00","25","4","0","0","0","0","11","1","17","0","3","0","0","0"
"","166989","Youri Tielemans","Aston Villa","3","MID","4.4","1.6","105","3.18","23.86","0.72","0","0","0.00","29","4","3","3","68","0","0","0","0","0","4","0","2","0"
"","126184","Nathan Aké","Manchester City","2","DEF","3.9","5.0","104","3.59","26.67","0.92","0","0","0.00","24","5","2","0","0","0","9","1","15","0","2","0","0","0"
"","50175","Danny Welbeck","B & H Albion","4","STR","3.5","0.8","104","2.89","29.71","0.83","0","0","0.00","23","13","6","5","0","0","0","0","0","0","0","0","0","0"
"","169528","Antonee Robinson","Fulham","2","DEF","2.5","3.2","103","2.71","41.20","1.08","0","0","0.00","37","1","0","2","0","0","10","1","47","0","9","0","0","0"
"","80801","Idrissa Gueye","Everton","3","MID","3.1","0.1","103","3.03","33.23","0.98","0","0","0.00","33","1","0","1","96","0","0","0","0","0","7","0","0","0"
"","215059","Robert Sánchez","Chelsea","1","GK","3.4","1.5","102","4.08","30.00","1.20","0","0","0.00","25","0","0","0","0","56","8","0","30","0","2","0","0","1"
"","86417","Jeffrey Schlupp","Crystal Palace","3","MID","3.2","0.2","102","2.91","31.88","0.91","0","0","0.00","30","5","3","2","66","0","0","0","0","0","7","0","0","0"
"","152551","Jefferson Lerma","Crystal Palace","3","MID","3.0","0.3","102","2.76","34.00","0.92","0","0","0.00","37","0","5","0","47","0","0","0","0","1","7","0","0","0"
"","45034","Ivan Perisic","Tottenham Hotspur","2","DEF","3.8","0.7","101","2.89","26.58","0.76","0","0","0.00","25","10","1","9","0","0","7","2","45","0","6","0","0","0"
"","206325","Oleksandr Zinchenko","Arsenal","2","DEF","3.7","3.7","101","3.48","27.30","0.94","0","0","0.00","26","3","1","2","0","0","10","1","28","0","4","0","0","0"
"","122806","John McGinn","Aston Villa","3","MID","3.6","0.7","101","2.97","28.06","0.83","0","0","0.00","30","4","1","5","65","0","0","0","0","0","7","0","0","0"
"","111478","Joël Veltman","B & H Albion","2","DEF","3.2","1.1","100","2.94","31.25","0.92","0","0","0.00","25","9","1","1","0","0","9","3","29","0","6","0","0","0"
"","219847","Kai Havertz","Arsenal","3","MID","5.0","3.9","100","2.78","20.00","0.56","0","0","0.00","31","5","7","1","33","0","0","0","0","0","5","0","0","0"
"","110735","Adam Webster","B & H Albion","2","DEF","3.1","0.7","99","3.41","31.94","1.10","0","0","0.00","26","3","0","1","0","0","10","3","28","1","2","0","0","0"
"","214048","Maximilian Kilman","Wolverhampton","2","DEF","2.8","1.1","99","2.68","35.36","0.96","0","0","0.00","37","0","0","1","0","0","11","0","56","0","3","0","0","0"
"","167199","Thomas Partey","Arsenal","3","MID","3.5","0.2","99","2.91","28.29","0.83","0","0","0.00","29","5","3","0","71","0","0","0","0","0","5","0","0","0"
"","96994","Bobby De Cordova-Reid","Fulham","4","STR","3.2","0.1","99","2.41","30.94","0.75","0","0","0.00","31","10","4","1","0","0","0","0","0","0","8","0","0","0"
"","216646","Yoane Wissa","Brentford","4","STR","3.3","0.8","99","2.54","30.00","0.77","0","0","0.00","17","22","7","4","0","0","0","0","0","0","4","0","0","0"
"","216051","Diogo Dalot","Manchester Utd","2","DEF","3.3","1.3","98","3.38","29.70","1.02","0","0","0.00","27","2","1","2","0","0","11","1","36","0","6","0","0","0"
"","101582","Fred","Manchester Utd","3","MID","3.5","0.2","98","2.45","28.00","0.70","0","0","0.00","13","27","4","5","50","0","0","0","0","0","7","0","0","0"
"","438464","Cheick Doucouré","Crystal Palace","3","MID","3.0","0.2","98","2.80","32.67","0.93","0","0","0.00","35","0","0","3","79","0","0","0","0","0","8","1","0","0"
"","82514","Tim Ream","Fulham","2","DEF","2.6","0.6","97","2.77","37.31","1.07","0","0","0.00","35","0","1","0","0","0","9","0","47","0","2","0","0","0"
"","209243","Jadon Sancho","Manchester Utd","3","MID","4.5","0.9","97","3.34","21.56","0.74","0","0","0.00","23","6","6","4","19","0","0","0","0","0","0","0","0","0"
"","215711","Leon Bailey","Aston Villa","3","MID","3.5","0.2","97","2.85","27.71","0.82","0","0","0.00","27","7","4","5","16","0","0","0","0","0","4","0","0","0"
"","449871","Amadou Onana","Everton","3","MID","3.1","0.3","97","2.85","31.29","0.92","0","0","0.00","30","4","1","3","76","0","0","0","0","0","10","0","0","0"
"","465351","Matheus Nunes","Wolverhampton","3","MID","3.3","0.3","97","2.69","29.39","0.82","0","0","0.00","30","6","1","1","68","0","0","0","0","0","2","0","0","0"
"","47431","Willian","Fulham","4","STR","3.7","0.2","97","3.23","26.22","0.87","0","0","0.00","26","4","5","7","0","0","0","0","0","0","2","1","0","0"
"","57531","Michail Antonio","West Ham Utd","4","STR","4.8","0.3","97","2.69","20.21","0.56","0","0","0.00","24","12","6","3","0","0","0","0","0","0","2","0","0","0"
"","84939","Danny Ings","West Ham Utd","4","STR","5.0","0.3","97","2.69","19.40","0.54","0","0","0.00","16","20","8","3","0","0","0","0","0","0","4","0","0","0"
"","209036","Marc Guéhi","Crystal Palace","2","DEF","3.0","2.1","96","2.53","32.00","0.84","0","0","0.00","38","0","1","0","0","0","9","0","48","1","8","0","0","0"
"","80607","Christian Eriksen","Manchester Utd","3","MID","3.9","0.4","96","3.00","24.62","0.77","0","0","0.00","29","3","1","9","27","0","0","0","0","0","3","0","0","0"
"","180135","Sean Longstaff","Newcastle Utd","3","MID","2.8","0.6","96","2.82","34.29","1.01","0","0","0.00","29","5","1","5","46","0","0","0","0","0","2","0","0","0"
"","17761","James Tarkowski","Everton","2","DEF","3.1","1.6","95","2.44","30.65","0.79","0","0","0.00","39","0","1","1","0","0","9","0","60","0","6","0","0","0"
"","97299","John Stones","Manchester City","2","DEF","4.5","9.3","95","3.80","21.11","0.84","0","0","0.00","23","2","2","2","0","0","7","3","18","1","2","0","0","0"
"","80146","Jordan Ayew","Crystal Palace","4","STR","3.8","0.2","95","2.44","25.00","0.64","0","0","0.00","32","7","4","3","0","0","0","0","0","0","5","0","0","0"
"","210156","Taiwo Awoniyi","Nottingham Forest","4","STR","2.7","1.5","95","3.52","35.19","1.30","0","0","0.00","17","10","10","1","0","0","0","0","0","0","2","0","0","0"
"","37915","Hugo Lloris","Tottenham Hotspur","1","GK","4.2","1.0","94","3.76","22.38","0.90","0","0","0.00","25","0","0","0","0","79","7","0","39","1","0","0","0","0"
"","219168","Alexander Isak","Newcastle Utd","4","STR","4.8","6.1","94","4.09","19.58","0.85","0","0","0.00","18","5","10","2","0","0","0","0","0","0","3","0","0","0"
"","93264","Eric Dier","Tottenham Hotspur","2","DEF","3.2","0.5","93","2.74","29.06","0.85","0","0","0.00","32","2","2","1","0","0","9","1","53","0","3","0","0","0"
"","241157","Emerson Royal","Tottenham Hotspur","2","DEF","3.2","0.3","93","3.32","29.06","1.04","0","0","0.00","21","7","2","2","0","0","8","2","27","0","2","1","0","0"
"","85955","Jorginho","Arsenal","3","MID","3.7","0.2","93","2.82","25.14","0.76","0","0","0.00","25","8","2","2","63","0","0","0","0","0","4","0","0","0"
"","244723","Tyrick Mitchell","Crystal Palace","2","DEF","2.9","0.6","91","2.53","31.38","0.87","0","0","0.00","34","2","0","2","0","0","7","1","40","0","5","1","0","0"
"","172632","Demarai Gray","Everton","3","MID","3.6","0.2","91","2.68","25.28","0.74","0","0","0.00","28","6","4","1","33","0","0","0","0","0","3","0","0","0"
"","201658","Marcus Tavernier","Bournemouth","3","MID","2.7","1.0","91","3.96","33.70","1.47","0","0","0.00","19","4","5","4","34","0","0","0","0","0","1","0","0","0"
"","204580","Vitaly Janelt","Brentford","3","MID","3.2","0.1","91","2.53","28.44","0.79","0","0","0.00","24","12","3","1","53","0","0","0","0","0","3","0","0","0"
"","82403","Wilfried Zaha","Crystal Palace","4","STR","5.1","0.2","91","3.25","17.84","0.64","0","0","0.00","28","0","7","3","0","0","0","0","0","0","5","0","2","0"
"","243298","Cody Gakpo","Liverpool","4","STR","5.3","2.5","91","3.79","17.17","0.72","0","0","0.00","20","4","7","4","0","0","0","0","0","0","0","0","0","0"
"","199670","Odsonne Édouard","Crystal Palace","4","STR","4.2","0.2","90","2.50","21.43","0.60","0","0","0.00","21","15","6","2","0","0","0","0","0","0","3","0","0","0"
"","214590","Aaron Wan-Bissaka","Manchester Utd","2","DEF","3.9","1.0","89","3.87","22.82","0.99","0","0","0.00","20","3","0","1","0","0","9","2","14","0","3","0","0","0"
"","103955","Raheem Sterling","Chelsea","4","STR","5.8","1.1","89","3.18","15.34","0.55","0","0","0.00","23","5","6","4","0","0","0","0","0","0","4","0","0","0"
"","219924","Issa Diop","Fulham","2","DEF","3.0","0.2","88","3.14","29.33","1.05","0","0","0.00","24","4","1","1","0","0","8","1","30","0","3","0","0","0"
"","116643","Fabinho","Liverpool","3","MID","3.7","0.2","88","2.26","23.78","0.61","0","0","0.00","32","7","0","2","65","0","0","0","0","0","12","0","0","0"
"","445044","Dejan Kulusevski","Tottenham Hotspur","3","MID","4.8","1.0","88","2.75","18.33","0.57","0","0","0.00","24","8","2","8","38","0","0","0","0","0","2","0","0","0"
"","103192","Kurt Zouma","West Ham Utd","2","DEF","3.1","0.5","86","3.44","27.74","1.11","0","0","0.00","24","1","2","1","0","0","7","0","29","0","0","0","0","0"
"","153682","Harry Wilson","Fulham","3","MID","2.9","0.6","86","2.69","29.66","0.93","0","0","0.00","17","15","3","6","26","0","0","0","0","0","2","0","0","0"
"","467169","Antony","Manchester Utd","4","STR","4.7","0.6","86","2.87","18.30","0.61","0","0","0.00","27","3","5","3","0","0","0","0","0","0","5","0","0","0"
"","90152","Raphaël Varane","Manchester Utd","2","DEF","4.0","1.4","85","3.15","21.25","0.79","0","0","0.00","24","3","0","0","0","0","10","0","25","1","1","0","0","0"
"","221820","Lisandro Martínez","Manchester Utd","2","DEF","3.8","4.2","85","2.83","22.37","0.75","0","0","0.00","25","5","1","0","0","0","9","2","34","0","6","0","0","0"
"","217593","Pablo Fornals","West Ham Utd","3","MID","3.5","0.1","85","2.50","24.29","0.71","0","0","0.00","19","15","3","1","36","0","0","0","0","0","0","0","0","0"
"","174874","Joachim Andersen","Crystal Palace","2","DEF","2.9","0.5","82","2.48","28.28","0.86","0","0","0.00","33","0","1","0","0","0","8","0","39","2","8","0","0","0"
"","128295","Christian Nørgaard","Brentford","3","MID","3.2","0.2","82","3.73","25.63","1.16","0","0","0.00","21","1","1","6","53","0","0","0","0","0","6","0","0","0"
"","183656","Josh Dasilva","Brentford","3","MID","3.1","0.1","82","2.22","26.45","0.71","0","0","0.00","15","22","4","2","18","0","0","0","0","0","1","0","0","0"
"","114243","Jacob Murphy","Newcastle Utd","3","MID","2.7","0.4","81","2.19","30.00","0.81","0","0","0.00","15","22","4","2","16","0","0","0","0","0","0","0","0","0"
"","158499","Ryan Christie","Bournemouth","3","MID","2.9","0.1","81","2.45","27.93","0.85","0","0","0.00","23","10","2","2","33","0","0","0","0","0","2","0","0","0"
"","200600","Daniel Podence","Wolverhampton","3","MID","3.5","0.1","81","2.45","23.14","0.70","0","0","0.00","20","13","6","1","26","0","0","0","0","0","5","0","0","0"
"","444884","Harvey Elliott","Liverpool","3","MID","2.9","1.1","81","2.31","27.93","0.80","0","0","0.00","20","15","3","2","30","0","0","0","0","0","2","0","0","0"
"","60232","Craig Dawson","Wolverhampton","2","DEF","2.8","0.5","80","3.08","28.57","1.10","0","0","0.00","26","0","1","1","0","0","8","0","31","0","7","0","0","0"
"","200402","Nélson Semedo","Wolverhampton","2","DEF","3.3","0.1","79","2.08","23.94","0.63","0","0","0.00","31","7","0","1","0","0","7","3","43","0","11","1","0","0"
"","224967","Vitalii Mykolenko","Everton","2","DEF","2.9","0.2","79","2.26","27.24","0.78","0","0","0.00","31","4","0","1","0","0","7","1","48","0","4","0","0","0"
"","184341","Mason Mount","Manchester Utd","3","MID","4.9","5.8","79","3.16","16.12","0.64","0","0","0.00","21","4","3","4","35","0","0","0","0","0","4","0","0","0"
"","232787","Conor Gallagher","Chelsea","3","MID","3.9","0.8","79","2.19","20.26","0.56","0","0","0.00","19","17","3","1","51","0","0","0","0","0","10","1","0","0"
"","194634","Diogo Jota","Liverpool","4","STR","5.3","1.9","79","3.59","14.91","0.68","0","0","0.00","12","10","7","4","0","0","0","0","0","0","2","0","0","0"
"","49262","Jason Steele","B & H Albion","1","GK","3.0","6.0","78","4.33","26.00","1.44","0","0","0.00","18","0","0","1","0","44","7","0","25","1","1","0","0","1"
"","55459","Aaron Cresswell","West Ham Utd","2","DEF","3.6","0.4","78","2.69","21.67","0.75","0","0","0.00","24","5","0","1","0","0","6","3","32","0","2","0","0","0"
"","56979","Jordan Henderson","Liverpool","3","MID","3.3","0.2","78","2.11","23.64","0.64","0","0","0.00","24","13","0","3","33","0","0","0","0","0","2","0","0","0"
"","202993","Rodrigo Bentancur","Tottenham Hotspur","3","MID","3.5","0.2","78","4.11","22.29","1.17","0","0","0.00","18","1","5","2","45","0","0","0","0","0","8","0","0","0"
"","232826","Anthony Gordon","Newcastle Utd","3","MID","3.4","0.8","78","2.44","22.94","0.72","0","0","0.00","16","16","4","0","44","0","0","0","0","0","7","0","0","0"
"","172649","Dean Henderson","Manchester Utd","1","GK","2.8","0.5","77","4.28","27.50","1.53","0","0","0.00","18","0","0","0","0","54","6","0","31","0","2","0","0","2"
"","245824","Carlos Vinícius","Fulham","4","STR","3.5","0.2","77","2.57","22.00","0.73","0","0","0.00","14","16","5","3","0","0","0","0","0","0","3","0","0","0"
"","205533","Eddie Nketiah","Arsenal","4","STR","4.1","1.0","76","2.45","18.54","0.60","0","0","0.00","11","20","6","2","0","0","0","0","0","0","3","0","0","0"
"","51090","Thiago Silva","Chelsea","2","DEF","4.0","1.0","75","2.78","18.75","0.69","0","0","0.00","26","1","0","2","0","0","6","0","32","0","2","0","0","0"
"","55494","Joel Ward","Crystal Palace","2","DEF","2.8","0.2","75","2.59","26.79","0.92","0","0","0.00","25","4","1","0","0","0","8","0","37","0","7","0","0","0"
"","106468","Álex Moreno","Aston Villa","2","DEF","2.9","1.4","75","3.95","25.86","1.36","0","0","0.00","14","5","0","3","0","0","7","1","10","0","3","0","0","0"
"","121599","Abdoulaye Doucouré","Everton","3","MID","3.5","0.2","75","2.88","21.43","0.82","0","0","0.00","17","9","5","2","32","0","0","0","0","0","7","1","0","0"
"","148225","Anthony Martial","Manchester Utd","4","STR","4.0","0.1","75","3.26","18.75","0.82","0","0","0.00","13","10","6","3","0","0","0","0","0","0","0","0","0","0"
"","171287","Joe Gomez","Liverpool","2","DEF","3.6","0.3","74","3.08","20.56","0.86","0","0","0.00","17","7","0","0","0","0","9","0","18","0","4","0","0","0"
"","179268","Marc Cucurella","Chelsea","2","DEF","3.4","0.3","74","3.08","21.76","0.91","0","0","0.00","21","3","0","2","0","0","6","2","20","0","4","0","0","0"
"","201057","Thilo Kehrer","West Ham Utd","2","DEF","2.9","0.2","74","2.64","25.52","0.91","0","0","0.00","26","2","0","3","0","0","6","1","34","1","4","0","0","0"
"","450434","Deniz Undav","B & H Albion","4","STR","3.1","0.1","72","2.77","23.23","0.89","0","0","0.00","7","19","7","3","0","0","0","0","0","1","3","0","0","0"
"","121145","João Cancelo","Manchester City","2","DEF","4.9","1.7","71","3.94","14.49","0.80","0","0","0.00","16","2","2","2","0","0","6","2","16","0","4","1","0","0"
"","184667","Victor Lindelöf","Manchester Utd","2","DEF","3.6","0.2","71","2.96","19.72","0.82","0","0","0.00","18","6","0","0","0","0","7","1","20","0","2","0","0","0"
"","222690","Tyrell Malacia","Manchester Utd","2","DEF","2.5","0.4","71","2.84","28.40","1.14","0","0","0.00","17","8","0","0","0","0","7","2","17","0","7","0","0","0"
"","487117","Evan Ferguson","B & H Albion","4","STR","3.6","3.9","71","3.55","19.72","0.99","0","0","0.00","13","7","7","1","0","0","0","0","0","0","0","0","0","0"
"","204968","Ryan Yates","Nottingham Forest","3","MID","2.4","0.5","70","2.59","29.17","1.08","0","0","0.00","21","6","1","3","39","0","0","0","0","0","5","0","0","0"
"","172850","Ben Chilwell","Chelsea","2","DEF","4.7","4.1","69","3.14","14.68","0.67","0","0","0.00","15","7","2","3","0","0","4","1","19","0","3","0","0","0"
"","54469","Adam Smith","Bournemouth","2","DEF","2.7","0.1","68","1.79","25.19","0.66","0","0","0.00","35","3","0","1","0","0","7","1","62","0","12","0","0","0"
"","472713","Aaron Hickey","Brentford","2","DEF","2.6","0.6","68","2.72","26.15","1.05","0","0","0.00","23","2","0","3","0","0","5","2","30","0","7","0","0","0"
"","80226","Sèrge Aurier","Nottingham Forest","2","DEF","2.6","0.3","67","2.79","25.77","1.07","0","0","0.00","22","2","1","0","0","0","6","1","31","0","2","0","0","0"
"","214285","Konstantinos Tsimikas","Liverpool","2","DEF","3.0","0.2","67","3.19","22.33","1.06","0","0","0.00","10","11","0","4","0","0","5","4","11","0","3","0","0","0"
"","76357","Tom Cairney","Fulham","3","MID","2.9","0.0","67","1.91","23.10","0.66","0","0","0.00","9","26","3","1","22","0","0","0","0","0","2","0","0","0"
"","226944","Boubacar Kamara","Aston Villa","3","MID","3.1","0.1","67","2.79","21.61","0.90","0","0","0.00","21","3","0","1","59","0","0","0","0","0","4","0","0","0"
"","146941","Aymeric Laporte","Manchester City","2","DEF","4.5","0.9","66","3.88","14.67","0.86","0","0","0.00","14","3","0","0","0","0","7","1","10","0","0","0","0","0"
"","192895","Kieran Tierney","Arsenal","2","DEF","3.5","0.3","66","2.36","18.86","0.67","0","0","0.00","8","20","0","1","0","0","2","10","11","0","0","0","0","0"
"","226956","Mads Roerslev","Brentford","2","DEF","2.5","0.1","65","3.10","26.00","1.24","0","0","0.00","13","8","0","0","0","0","5","5","13","0","0","0","0","0"
"","184754","Hwang Hee-Chan","Wolverhampton","4","STR","3.4","0.1","65","2.32","19.12","0.68","0","0","0.00","12","16","4","2","0","0","0","0","0","0","1","0","0","0"
"","59949","Séamus Coleman","Everton","2","DEF","2.9","0.2","64","2.67","22.07","0.92","0","0","0.00","21","3","1","0","0","0","5","0","27","0","1","0","0","0"
"","221632","Cristian Romero","Tottenham Hotspur","2","DEF","3.5","0.4","64","2.37","18.29","0.68","0","0","0.00","26","1","0","2","0","0","8","0","41","0","9","1","0","0"
"","155408","Lewis Cook","Bournemouth","3","MID","2.8","0.1","64","2.21","22.86","0.79","0","0","0.00","19","10","0","2","39","0","0","0","0","0","4","0","0","0"
"","109646","Tosin Adarabioyo","Fulham","2","DEF","2.7","0.1","63","2.17","23.33","0.80","0","0","0.00","27","2","1","0","0","0","5","0","42","0","4","0","0","0"
"","179519","Orel Mangala","Nottingham Forest","3","MID","2.3","0.4","63","2.33","27.39","1.01","0","0","0.00","20","7","1","1","30","0","0","0","0","0","3","0","0","0"
"","40383","Fraser Forster","Tottenham Hotspur","1","GK","2.8","0.1","62","3.65","22.14","1.30","0","0","0.00","16","1","0","0","0","34","5","0","25","0","1","0","0","1"
"","199796","Matty Cash","Aston Villa","2","DEF","3.5","1.0","62","2.38","17.71","0.68","0","0","0.00","21","5","0","2","0","0","4","2","29","0","4","0","0","0"
"","210494","Nayef Aguerd","West Ham Utd","2","DEF","2.8","0.4","62","2.95","22.14","1.05","0","0","0.00","20","1","2","0","0","0","7","0","31","1","4","0","0","0"
"","89076","Remo Freuler","Nottingham Forest","3","MID","2.4","0.1","62","2.21","25.83","0.92","0","0","0.00","24","4","0","0","43","0","0","0","0","0","5","0","0","0"
"","61558","Thiago Alcântara","Liverpool","3","MID","3.8","0.2","61","2.90","16.05","0.76","0","0","0.00","17","4","0","1","54","0","0","0","0","0","3","0","0","0"
"","184349","Ryan Sessegnon","Tottenham Hotspur","2","DEF","2.9","0.2","60","3.16","20.69","1.09","0","0","0.00","11","8","2","2","0","0","3","4","15","0","4","0","0","0"
"","91651","Mateo Kovacic","Manchester City","3","MID","3.8","0.8","60","2.14","15.79","0.56","0","0","0.00","18","10","1","2","36","0","0","0","0","0","8","0","0","0"
"","170137","Allan Saint-Maximin","Newcastle Utd","3","MID","4.2","0.3","60","2.50","14.29","0.60","0","0","0.00","12","12","1","6","9","0","0","0","0","0","1","0","0","0"
"","206915","Curtis Jones","Liverpool","3","MID","3.2","0.6","60","3.00","18.75","0.94","0","0","0.00","12","8","3","1","34","0","0","0","0","0","2","0","0","0"
"","88248","Stefan Ortega","Manchester City","1","GK","3.2","0.1","59","6.56","18.44","2.05","0","0","0.00","9","0","0","0","0","24","6","1","2","0","1","0","0","0"
"","109533","Emerson","West Ham Utd","2","DEF","2.4","0.9","59","2.46","24.58","1.02","0","0","0.00","19","5","1","1","0","0","4","3","31","0","2","0","0","0"
"","164555","Vladimír Coufal","West Ham Utd","2","DEF","3.2","0.1","59","2.19","18.44","0.68","0","0","0.00","24","3","0","1","0","0","4","2","35","0","5","0","0","0"
"","204716","Ibrahima Konaté","Liverpool","2","DEF","3.9","0.8","59","2.81","15.13","0.72","0","0","0.00","20","1","0","0","0","0","8","0","26","1","6","0","0","0"
"","128340","Kieffer Moore","Bournemouth","4","STR","3.5","0.0","59","2.19","16.86","0.62","0","0","0.00","12","15","4","0","0","0","0","0","0","0","1","0","0","0"
"","444180","Jaidon Anthony","Bournemouth","4","STR","3.4","0.0","59","1.90","17.35","0.56","0","0","0.00","12","19","3","1","0","0","0","0","0","0","2","0","0","0"
"","221466","Marcos Senesi","Bournemouth","2","DEF","2.6","0.1","58","1.81","22.31","0.70","0","0","0.00","30","2","2","0","0","0","5","0","58","0","7","0","0","0"
"","212319","Richarlison","Tottenham Hotspur","4","STR","5.5","1.0","58","2.07","10.55","0.38","0","0","0.00","13","15","1","5","0","0","0","0","0","0","3","0","0","0"
"","493105","Alejandro Garnacho","Manchester Utd","4","STR","3.1","1.3","58","2.64","18.71","0.85","0","0","0.00","6","16","4","3","0","0","0","0","0","0","3","0","0","0"
"","208912","Joe Worrall","Nottingham Forest","2","DEF","2.5","0.1","57","1.90","22.80","0.76","0","0","0.00","21","9","1","0","0","0","5","2","44","0","6","0","0","0"
"","215136","Neco Williams","Nottingham Forest","2","DEF","2.5","0.3","56","1.75","22.40","0.70","0","0","0.00","21","11","1","1","0","0","4","3","44","0","7","0","0","0"
"","95658","Harry Maguire","Manchester Utd","2","DEF","3.2","0.3","56","2.80","17.50","0.88","0","0","0.00","11","9","0","0","0","0","5","5","10","0","6","0","0","0"
"","209042","Oliver Skipp","Tottenham Hotspur","3","MID","2.4","0.2","56","2.15","23.33","0.90","0","0","0.00","19","7","1","0","33","0","0","0","0","0","7","0","0","0"
"","474120","Julio Enciso","B & H Albion","4","STR","2.8","1.3","56","2.43","20.00","0.87","0","0","0.00","8","15","4","2","0","0","0","0","0","0","1","0","0","0"
"","40669","Angelo Ogbonna","West Ham Utd","2","DEF","2.7","0.1","55","2.89","20.37","1.07","0","0","0.00","16","3","0","0","0","0","6","0","22","0","0","0","0","0"
"","223723","Takehiro Tomiyasu","Arsenal","2","DEF","3.4","0.1","55","2.50","16.18","0.74","0","0","0.00","8","14","0","1","0","0","3","6","12","0","2","0","0","0"
"","235530","Lloyd Kelly","Bournemouth","2","DEF","2.6","0.1","55","2.29","21.15","0.88","0","0","0.00","23","1","0","2","0","0","5","0","39","0","3","0","0","0"
"","448047","Enzo Fernández","Chelsea","3","MID","4.2","1.1","55","3.06","13.10","0.73","0","0","0.00","18","0","0","2","42","0","0","0","0","0","3","0","0","0"
"","180736","Trevoh Chalobah","Chelsea","2","DEF","3.2","0.2","54","2.08","16.88","0.65","0","0","0.00","19","7","0","0","0","0","5","2","28","1","4","0","0","0"
"","101188","Lucas Digne","Aston Villa","2","DEF","3.4","0.3","53","1.83","15.59","0.54","0","0","0.00","18","11","1","0","0","0","3","3","27","1","5","0","0","0"
"","60689","Chris Wood","Nottingham Forest","4","STR","3.5","0.1","53","2.12","15.14","0.61","0","0","0.00","9","16","3","1","0","0","0","0","0","0","0","0","0","0"
"","432830","Nathan Collins","Brentford","2","DEF","2.7","0.4","52","1.93","19.26","0.71","0","0","0.00","21","6","0","0","0","0","4","4","40","0","2","1","0","0"
"","15157","James Milner","B & H Albion","3","MID","3.1","0.2","52","1.58","16.77","0.51","0","0","0.00","8","25","0","1","28","0","0","0","0","0","2","0","0","0"
"","244731","Luis Díaz","Liverpool","4","STR","5.1","1.8","52","3.06","10.20","0.60","0","0","0.00","11","6","4","2","0","0","0","0","0","0","2","0","0","0"
"","513046","Danilo","Nottingham Forest","3","MID","2.3","0.7","51","3.92","22.17","1.71","0","0","0.00","12","1","3","2","18","0","0","0","0","0","1","0","0","0"
"","114128","Jonny","Wolverhampton","2","DEF","2.9","0.1","50","2.50","17.24","0.86","0","0","0.00","16","4","1","0","0","0","5","1","24","0","4","1","0","0"
"","222018","Ben Johnson","West Ham Utd","2","DEF","2.7","0.1","50","2.50","18.52","0.93","0","0","0.00","12","8","0","0","0","0","4","3","16","0","0","0","0","0"
"","225796","Reece James","Chelsea","2","DEF","5.0","4.2","50","3.13","10.00","0.63","0","0","0.00","14","2","1","2","0","0","3","2","17","0","4","0","0","0"
"","39155","Adam Lallana","B & H Albion","3","MID","2.7","0.1","50","2.94","18.52","1.09","0","0","0.00","13","4","3","1","10","0","0","0","0","0","0","0","0","0"
"","173904","Davinson Sánchez","Tottenham Hotspur","2","DEF","3.0","0.1","49","2.33","16.33","0.78","0","0","0.00","11","10","0","0","0","0","4","2","18","0","1","0","0","0"
"","477064","Rico Lewis","Manchester City","2","DEF","3.0","0.6","49","3.50","16.33","1.17","0","0","0.00","11","3","0","0","0","0","3","5","7","0","0","0","0","0"
"","448514","Rayan Ait-Nouri","Wolverhampton","2","DEF","2.6","0.1","49","2.13","18.85","0.82","0","0","0.00","11","12","1","0","0","0","4","2","21","1","4","0","0","0"
"","48760","Zanka","Brentford","2","DEF","2.5","0.1","48","2.67","19.20","1.07","0","0","0.00","11","7","0","1","0","0","4","3","15","1","2","0","0","0"
"","232792","Tariq Lamptey","B & H Albion","2","DEF","3.1","0.3","48","2.29","15.48","0.74","0","0","0.00","6","15","0","1","0","0","2","5","9","0","1","0","0","0"
"","460028","Levi Colwill","Chelsea","2","DEF","2.9","5.2","48","2.67","16.55","0.92","0","0","0.00","14","4","0","2","0","0","3","3","22","0","1","0","0","0"
"","510362","Toti","Wolverhampton","2","DEF","2.6","0.1","48","2.53","18.46","0.97","0","0","0.00","12","7","1","0","0","0","4","2","17","0","6","0","0","0"
"","108413","Will Hughes","Crystal Palace","3","MID","2.8","0.0","48","1.71","17.14","0.61","0","0","0.00","8","20","1","1","30","0","0","0","0","0","4","0","0","0"
"","195851","Scott McTominay","Manchester Utd","3","MID","3.4","0.1","48","1.71","14.12","0.50","0","0","0.00","12","16","1","0","31","0","0","0","0","0","9","0","0","0"
"","438098","Fábio Vieira","Arsenal","3","MID","3.3","0.1","48","2.00","14.55","0.61","0","0","0.00","5","19","1","4","8","0","0","0","0","0","0","0","0","0"
"","441164","Pedro Porro","Tottenham Hotspur","2","DEF","3.7","1.1","47","2.94","12.70","0.79","0","0","0.00","14","2","3","3","0","0","1","1","27","0","0","0","0","0"
"","57328","Nathaniel Clyne","Crystal Palace","2","DEF","2.6","0.1","46","2.00","17.69","0.77","0","0","0.00","20","3","0","0","0","0","2","2","25","0","3","0","0","0"
"","151086","Mario Lemina","Wolverhampton","3","MID","3.0","0.1","46","2.56","15.33","0.85","0","0","0.00","17","1","0","1","37","0","0","0","0","0","2","1","0","0"
"","437468","Sergio Gómez","Manchester City","2","DEF","2.7","0.2","45","2.81","16.67","1.04","0","0","0.00","4","12","0","1","0","0","2","7","6","0","0","0","0","0"
"","115382","Neal Maupay","Everton","4","STR","4.3","0.1","44","1.57","10.23","0.37","0","0","0.00","12","16","1","1","0","0","0","0","0","0","4","0","0","0"
"","124183","Hakim Ziyech","Chelsea","3","MID","4.4","0.3","43","2.26","9.77","0.51","0","0","0.00","7","12","0","3","23","0","0","0","0","0","1","0","0","0"
"","428580","Frank Onyeka","Brentford","3","MID","3.1","0.0","43","2.05","13.87","0.66","0","0","0.00","8","13","0","3","19","0","0","0","0","0","0","0","0","0"
"","177815","Dominic Calvert-Lewin","Everton","4","STR","5.1","0.4","43","2.39","8.43","0.47","0","0","0.00","15","3","2","1","0","0","0","0","0","0","3","0","0","0"
"","120202","Wout Weghorst","Burnley","4","STR","3.1","0.2","43","1.95","13.87","0.63","0","0","0.00","13","9","0","3","0","0","0","0","0","0","1","0","0","0"
"","231747","Jean-Phillipe Mateta","Crystal Palace","4","STR","3.9","0.0","43","1.43","11.03","0.37","0","0","0.00","6","24","2","0","0","0","0","0","0","0","3","0","0","0"
"","176413","Christian Pulisic","Chelsea","3","MID","4.3","0.1","42","1.75","9.77","0.41","0","0","0.00","8","16","1","1","11","0","0","0","0","0","1","0","0","0"
"","533463","Dango Ouattara","Bournemouth","4","STR","3.1","0.0","42","2.33","13.55","0.75","0","0","0.00","14","4","1","2","0","0","0","0","0","0","1","0","0","0"
"","242880","Benoît Badiashile","Chelsea","2","DEF","3.1","0.1","41","3.73","13.23","1.20","0","0","0.00","10","1","1","0","0","0","4","0","9","0","2","0","0","0"
"","55037","Cheikhou Kouyaté","Nottingham Forest","3","MID","3.1","0.0","41","1.95","13.23","0.63","0","0","0.00","10","11","1","0","28","0","0","0","0","0","3","0","0","0"
"","92259","Neeskens Kebano","Fulham","3","MID","2.8","0.0","41","2.41","14.64","0.86","0","0","0.00","9","8","0","3","16","0","0","0","0","0","0","0","0","0"
"","151589","Leander Dendoncker","Aston Villa","3","MID","3.0","0.0","41","1.64","13.67","0.55","0","0","0.00","10","15","0","0","25","0","0","0","0","0","0","1","0","0"
"","440089","Mikkel Damsgaard","Brentford","3","MID","3.7","0.1","41","1.52","11.08","0.41","0","0","0.00","10","17","0","0","31","0","0","0","0","0","4","0","0","0"
"","156685","Joe Rothwell","Bournemouth","3","MID","2.4","0.1","40","1.90","16.67","0.79","0","0","0.00","13","8","0","1","21","0","0","0","0","0","1","0","0","0"
"","195899","Gianluca Scamacca","West Ham Utd","4","STR","4.3","0.1","40","2.35","9.30","0.55","0","0","0.00","11","6","3","0","0","0","0","0","0","0","3","0","0","0"
"","230251","Emmanuel Dennis","Nottingham Forest","4","STR","3.8","0.0","40","2.00","10.53","0.53","0","0","0.00","7","13","2","2","0","0","0","0","0","0","3","0","0","0"
"","101982","Sam Johnstone","Crystal Palace","1","GK","2.9","0.9","39","4.33","13.45","1.49","0","0","0.00","9","0","0","0","0","26","3","0","10","0","1","0","0","0"
"","168281","Scott McKenna","Nottingham Forest","2","DEF","2.1","0.7","39","1.86","18.57","0.88","0","0","0.00","20","1","0","0","0","0","5","0","36","0","4","0","0","0"
"","169359","Matt Targett","Newcastle Utd","2","DEF","3.3","0.1","37","2.31","11.21","0.70","0","0","0.00","6","10","0","0","0","0","2","3","6","0","1","0","0","0"
"","220585","Flynn Downes","West Ham Utd","3","MID","2.5","0.1","37","1.68","14.80","0.67","0","0","0.00","8","14","0","0","19","0","0","0","0","0","2","0","0","0"
"","247632","Pedro Neto","Wolverhampton","4","STR","3.6","0.1","36","2.00","10.00","0.56","0","0","0.00","13","5","0","2","0","0","0","0","0","0","1","0","0","0"
"","84583","Philippe Coutinho","Aston Villa","3","MID","4.2","0.3","35","1.67","8.33","0.40","0","0","0.00","8","13","1","0","19","0","0","0","0","0","3","0","0","0"
"","181284","Gonçalo Guedes","Wolverhampton","4","STR","3.5","0.0","35","2.50","10.00","0.71","0","0","0.00","9","5","2","1","0","0","0","0","0","0","1","0","0","0"
"","200641","Reiss Nelson","Arsenal","4","STR","2.6","0.0","35","3.18","13.46","1.22","0","0","0.00","0","11","3","3","0","0","0","0","0","0","0","0","0","0"
"","90585","Willy Boly","Nottingham Forest","2","DEF","2.9","0.1","34","3.09","11.72","1.07","0","0","0.00","9","2","0","1","0","0","3","1","10","0","2","0","0","0"
"","60914","Joël Matip","Liverpool","2","DEF","4.4","0.6","33","2.20","7.50","0.50","0","0","0.00","13","2","1","0","0","0","3","1","22","1","3","0","0","0"
"","243571","Nathan Patterson","Everton","2","DEF","2.7","0.3","33","1.74","12.22","0.64","0","0","0.00","14","5","0","0","0","0","2","1","22","0","3","0","0","0"
"","227127","Yves Bissouma","Tottenham Hotspur","3","MID","3.0","0.3","33","1.38","11.00","0.46","0","0","0.00","11","13","0","0","17","0","0","0","0","0","6","0","0","0"
"","102057","Raúl Jiménez","Fulham","4","STR","3.8","0.3","33","1.94","8.68","0.51","0","0","0.00","10","7","0","2","0","0","0","0","0","0","0","0","0","0"
"","114241","Harry Toffolo","Nottingham Forest","2","DEF","2.3","0.1","32","1.60","13.91","0.70","0","0","0.00","10","10","0","1","0","0","1","2","21","0","2","0","0","0"
"","155529","Marek Rodák","Fulham","1","GK","2.8","0.0","31","5.17","11.07","1.85","0","0","0.00","6","0","0","0","0","17","3","0","5","0","0","0","0","0"
"","106611","Michael Keane","Everton","2","DEF","2.8","0.2","31","2.58","11.07","0.92","0","0","0.00","10","2","1","2","0","0","2","0","22","0","0","0","0","0"
"","191866","Kristoffer Ajer","Brentford","2","DEF","2.4","0.2","31","3.10","12.92","1.29","0","0","0.00","10","0","0","0","0","0","4","0","15","0","0","0","0","0"
"","223911","Chris Mepham","Bournemouth","2","DEF","2.5","0.1","31","1.19","12.40","0.48","0","0","0.00","24","2","0","0","0","0","5","1","52","2","7","0","0","0"
"","444463","Wesley Fofana","Chelsea","2","DEF","3.7","0.2","31","1.82","8.38","0.49","0","0","0.00","14","3","1","0","0","0","2","0","24","0","4","0","0","0"
"","432160","Shandon Baptiste","Brentford","3","MID","2.4","0.1","31","1.35","12.92","0.56","0","0","0.00","4","19","0","2","14","0","0","0","0","0","1","1","0","0"
"","156074","Rob Holding","Arsenal","2","DEF","2.8","0.1","30","2.00","10.71","0.71","0","0","0.00","8","7","1","0","0","0","1","2","13","0","1","0","0","0"
"","490721","Hugo Bueno","Wolverhampton","2","DEF","2.5","0.1","30","1.76","12.00","0.71","0","0","0.00","12","5","0","0","0","0","2","1","19","0","1","0","0","0"
"","215379","Elliot Anderson","Newcastle Utd","3","MID","2.2","1.1","30","1.58","13.64","0.72","0","0","0.00","4","15","0","1","10","0","0","0","0","0","0","0","0","0"
"","448089","João Gomes","Wolverhampton","3","MID","2.8","0.1","30","2.73","10.71","0.97","0","0","0.00","7","4","1","0","29","0","0","0","0","0","5","0","0","0"
"","244851","Cole Palmer","Manchester City","3","MID","2.5","0.8","29","1.61","11.60","0.64","0","0","0.00","3","15","1","1","6","0","0","0","0","0","1","0","0","0"
"","437742","Albert Sambi Lokonga","Arsenal","3","MID","3.0","0.0","29","1.71","9.67","0.57","0","0","0.00","9","8","0","0","15","0","0","0","0","0","2","0","0","0"
"","101184","Calum Chambers","Aston Villa","2","DEF","2.8","0.1","27","1.80","9.64","0.64","0","0","0.00","3","12","0","0","0","0","0","7","6","0","2","0","0","0"
"","199170","Moussa Niakhaté","Nottingham Forest","2","DEF","2.3","0.1","27","1.93","11.74","0.84","0","0","0.00","14","0","0","0","0","0","2","0","21","0","1","0","0","0"
"","88484","Pablo Sarabia","Wolverhampton","3","MID","3.4","0.1","27","2.08","7.94","0.61","0","0","0.00","9","4","1","0","11","0","0","0","0","0","3","0","0","0"
"","465920","Mykhailo Mudryk","Chelsea","3","MID","4.9","2.0","27","1.80","5.51","0.37","0","0","0.00","7","8","0","2","11","0","0","0","0","0","1","0","0","0"
"","513418","Kevin Schade","Brentford","3","MID","2.7","0.3","27","1.42","10.00","0.53","0","0","0.00","7","12","0","1","12","0","0","0","0","0","2","0","0","0"
"","536916","Facundo Buonanotte","B & H Albion","3","MID","2.6","0.1","27","1.93","10.38","0.74","0","0","0.00","7","7","1","1","3","0","0","0","0","0","2","0","0","0"
"","229600","Mark Travers","Bournemouth","1","GK","2.4","0.0","26","2.00","10.83","0.83","0","0","0.00","12","1","0","0","0","38","2","0","36","0","0","0","0","0"
"","232928","James Garner","Everton","3","MID","2.5","0.2","26","1.63","10.40","0.65","0","0","0.00","7","9","0","1","16","0","0","0","0","0","3","0","0","0"
"","217331","Sam Surridge","Nottingham Forest","4","STR","2.5","0.0","26","1.30","10.40","0.52","0","0","0.00","2","18","1","0","0","0","0","0","0","0","2","0","0","0"
"","440854","Jakub Kiwior","Arsenal","2","DEF","2.9","0.1","25","3.57","8.62","1.23","0","0","0.00","5","2","1","0","0","0","2","0","6","0","0","0","0","0"
"","449434","Anthony Elanga","Nottingham Forest","4","STR","3.5","0.3","25","1.47","7.14","0.42","0","0","0.00","5","12","0","1","0","0","0","0","0","0","0","0","0","0"
"","58822","Cédric Soares","Arsenal","2","DEF","2.9","0.0","24","2.40","8.28","0.83","0","0","0.00","3","7","0","0","0","0","1","3","4","0","0","0","0","0"
"","243568","Billy Gilmour","B & H Albion","3","MID","2.6","0.2","24","1.85","9.23","0.71","0","0","0.00","7","6","0","1","5","0","0","0","0","0","1","0","0","0"
"","487838","Lewis Hall","Chelsea","3","MID","2.3","0.1","24","2.67","10.43","1.16","0","0","0.00","8","1","0","0","22","0","0","0","0","0","1","0","0","0"
"","54694","Pierre Emerick-Aubameyang","Chelsea","4","STR","5.0","0.2","24","1.60","4.80","0.32","0","0","0.00","5","10","1","0","0","0","0","0","0","0","1","0","0","0"
"","248857","Noni Madueke","Chelsea","4","STR","3.1","0.1","24","2.00","7.74","0.65","0","0","0.00","7","5","1","0","0","0","0","0","0","0","0","0","0","0"
"","198826","Ben Godfrey","Everton","2","DEF","2.7","0.1","22","1.57","8.15","0.58","0","0","0.00","11","3","0","1","0","0","1","1","21","0","3","0","0","0"
"","478912","Carney Chukwuemeka","Chelsea","3","MID","2.1","0.7","22","1.47","10.48","0.70","0","0","0.00","2","13","0","0","14","0","0","0","0","0","0","0","0","0"
"","440323","Armando Broja","Chelsea","4","STR","3.4","0.0","22","1.83","6.47","0.54","0","0","0.00","2","10","1","1","0","0","0","0","0","0","0","0","0","0"
"","199584","Japhet Tanganga","Tottenham Hotspur","2","DEF","2.5","0.0","20","4.00","8.00","1.60","0","0","0.00","4","1","0","1","0","0","2","0","5","0","0","0","0","0"
"","469142","Jan Paul van Hecke","B & H Albion","2","DEF","2.5","0.1","20","1.67","8.00","0.67","0","0","0.00","5","7","0","0","0","0","1","2","8","0","2","0","0","0"
"","535928","Stefan Bajcetic","Liverpool","3","MID","2.3","0.3","20","2.00","8.70","0.87","0","0","0.00","8","2","0","0","14","0","0","0","0","0","3","0","0","0"
"","155405","Kalvin Phillips","Manchester City","3","MID","3.2","0.1","19","1.19","5.94","0.37","0","0","0.00","3","13","0","0","8","0","0","0","0","0","1","0","0","0"
"","209289","Emile Smith Rowe","Arsenal","3","MID","3.0","0.2","19","1.46","6.33","0.49","0","0","0.00","0","13","0","2","1","0","0","0","0","0","0","0","0","0"
"","212314","Sasa Lukic","Fulham","3","MID","2.6","0.0","19","1.46","7.31","0.56","0","0","0.00","5","8","0","0","8","0","0","0","0","0","1","0","0","0"
"","482442","Pape Sarr","Tottenham Hotspur","3","MID","2.4","0.1","19","1.73","7.92","0.72","0","0","0.00","4","7","0","1","9","0","0","0","0","0","2","0","0","0"
"","84182","Alphonse Aréola","West Ham Utd","1","GK","2.8","0.2","18","2.57","6.43","0.92","0","0","0.00","4","3","0","0","0","16","1","1","10","0","0","0","0","0"
"","116404","Felipe","Nottingham Forest","2","DEF","2.5","0.1","18","1.13","7.20","0.45","0","0","0.00","15","1","0","1","0","0","1","0","32","0","4","0","0","0"
"","56917","Steve Cook","Nottingham Forest","2","DEF","2.4","0.1","18","1.38","7.50","0.58","0","0","0.00","12","1","0","0","0","0","2","1","25","0","4","0","0","0"
"","110504","Bertrand Traoré","Aston Villa","3","MID","3.4","0.0","18","2.25","5.29","0.66","0","0","0.00","1","7","2","0","1","0","0","0","0","0","1","0","0","0"
"","149519","Maxwel Cornet","West Ham Utd","3","MID","3.5","0.1","18","1.29","5.14","0.37","0","0","0.00","2","12","0","0","7","0","0","0","0","0","0","0","0","0"
"","424044","Hamed Traorè","Bournemouth","3","MID","2.6","0.1","18","2.57","6.92","0.99","0","0","0.00","5","2","0","0","17","0","0","0","0","0","0","0","0","0"
"","476502","Boubacar Traoré","Wolverhampton","3","MID","2.4","0.1","18","2.00","7.50","0.83","0","0","0.00","4","5","0","1","10","0","0","0","0","0","2","0","0","0"
"","437730","Antoine Semenyo","Bournemouth","4","STR","2.8","0.1","18","1.64","6.43","0.58","0","0","0.00","2","9","1","0","0","0","0","0","0","0","0","0","0","0"
"","441192","Jeremy Sarmiento","B & H Albion","4","STR","2.2","0.0","18","1.64","8.18","0.74","0","0","0.00","2","9","0","2","0","0","0","0","0","0","1","0","0","0"
"","249231","Keane Lewis-Potter","Brentford","4","STR","2.4","0.1","18","1.64","7.50","0.68","0","0","0.00","4","7","0","1","0","0","0","0","0","0","0","0","0","0"
"","81012","Ryan Fredericks","Bournemouth","2","DEF","2.5","0.0","16","1.33","6.40","0.53","0","0","0.00","5","7","0","0","0","0","0","2","11","0","1","0","0","0"
"","50232","Jonjo Shelvey","Nottingham Forest","3","MID","2.9","0.1","16","1.45","5.52","0.50","0","0","0.00","6","5","0","0","3","0","0","0","0","0","1","0","0","0"
"","427623","Chris Richards","Crystal Palace","2","DEF","2.5","0.0","13","1.44","5.20","0.58","0","0","0.00","4","5","0","0","0","0","1","0","11","0","0","0","0","0"
"","153256","Mohamed Elneny","Arsenal","3","MID","3.0","0.0","13","2.17","4.33","0.72","0","0","0.00","2","4","1","0","1","0","0","0","0","0","0","0","0","0"
"","111782","Robin Olsen","Aston Villa","1","GK","2.5","0.0","12","2.40","4.80","0.96","0","0","0.00","3","2","0","0","0","11","1","0","10","0","0","0","0","0"
"","20066","Wayne Hennessey","Nottingham Forest","1","GK","2.6","0.1","11","2.20","4.23","0.85","0","0","0.00","4","1","0","0","0","12","0","1","9","0","0","0","0","0"
"","232859","Djed Spence","Tottenham Hotspur","2","DEF","3.0","0.0","11","2.75","3.67","0.92","0","0","0.00","0","4","0","0","0","0","0","3","0","0","0","0","0","0"
"","476344","Jhon Durán","Aston Villa","4","STR","2.6","0.0","11","0.92","4.23","0.35","0","0","0.00","0","12","0","0","0","0","0","0","0","0","1","0","0","0"
"","436234","Bryan Gil","Tottenham Hotspur","4","STR","3.2","0.0","11","1.83","3.44","0.57","0","0","0.00","3","3","0","1","0","0","0","0","0","0","1","0","0","0"
"","200720","Caoimhín Kelleher","Liverpool","1","GK","2.9","0.0","10","5.00","3.45","1.72","0","0","0.00","2","0","0","0","0","8","1","0","4","0","0","0","0","0"
"","101148","Jamaal Lascelles","Newcastle Utd","2","DEF","2.8","0.1","10","1.43","3.57","0.51","0","0","0.00","3","4","0","0","0","0","0","2","7","0","2","0","0","0"
"","194164","Mason Holgate","Everton","2","DEF","2.7","0.1","10","1.25","3.70","0.46","0","0","0.00","5","3","0","0","0","0","1","0","9","0","1","1","0","0"
"","56983","Matt Ritchie","Newcastle Utd","3","MID","2.8","0.0","10","1.43","3.57","0.51","0","0","0.00","1","6","0","0","0","0","0","0","0","0","0","0","0","0"
"","90105","Ryan Fraser","Newcastle Utd","3","MID","3.4","0.0","10","1.25","2.94","0.37","0","0","0.00","3","5","0","0","2","0","0","0","0","0","1","0","0","0"
"","122775","Morgan Sanson","Aston Villa","3","MID","2.9","0.0","10","3.33","3.45","1.15","0","0","0.00","1","2","1","0","3","0","0","0","0","0","0","0","0","0"
"","185253","Gustavo Scarpa","Nottingham Forest","3","MID","2.3","0.0","10","2.00","4.35","0.87","0","0","0.00","3","2","0","0","7","0","0","0","0","0","1","0","0","0"
"","67089","Martin Dúbravka","Newcastle Utd","1","GK","2.8","0.0","9","3.00","3.21","1.07","0","0","0.00","2","1","0","0","0","12","0","0","3","0","0","0","0","0"
"","477580","Illia Zabarnyi","Bournemouth","2","DEF","2.3","0.1","9","1.80","3.91","0.78","0","0","0.00","3","2","0","0","0","0","0","1","5","0","0","0","0","0"
"","180184","Donny van de Beek","Manchester Utd","3","MID","3.4","0.1","9","1.29","2.65","0.38","0","0","0.00","2","5","0","0","0","0","0","0","0","0","0","0","0","0"
"","79602","Daniel Bentley","Wolverhampton","1","GK","2.3","0.0","8","4.00","3.48","1.74","0","0","0.00","2","0","0","0","0","11","0","0","3","0","0","0","0","0"
"","120721","Kevin Mbabu","Fulham","2","DEF","2.3","0.1","8","1.33","3.48","0.58","0","0","0.00","1","5","0","1","0","0","0","1","7","0","1","0","0","0"
"","228044","Mads Bech Sørensen","Brentford","2","DEF","2.5","0.0","8","2.00","3.20","0.80","0","0","0.00","1","3","0","0","0","0","0","1","1","0","0","0","0","0"
"","466117","Naouirou Ahamada","Crystal Palace","3","MID","2.8","0.1","8","1.00","2.86","0.36","0","0","0.00","0","8","0","0","4","0","0","0","0","0","1","0","0","0"
"","49413","James Tomkins","Crystal Palace","2","DEF","2.4","0.1","7","1.17","2.92","0.49","0","0","0.00","3","3","1","0","0","0","0","1","10","0","1","1","0","0"
"","111317","David Brooks","Bournemouth","3","MID","2.4","0.3","7","1.17","2.92","0.49","0","0","0.00","2","4","0","0","1","0","0","0","0","0","1","0","0","0"
"","173954","Jairo Riedewald","Crystal Palace","3","MID","2.4","0.0","7","1.17","2.92","0.49","0","0","0.00","0","6","0","0","2","0","0","0","0","0","0","0","0","0"
"","244085","Siriki Dembélé","Bournemouth","3","MID","2.4","0.1","7","1.00","2.92","0.42","0","0","0.00","0","7","0","0","4","0","0","0","0","0","0","0","0","0"
"","433979","Cameron Archer","Aston Villa","4","STR","2.5","0.1","7","1.00","2.80","0.40","0","0","0.00","0","7","0","0","0","0","0","0","0","0","0","0","0","0"
"","174932","Sergi Canós","Brentford","3","MID","3.4","0.0","6","1.00","1.76","0.29","0","0","0.00","0","6","0","0","0","0","0","0","0","0","0","0","0","0"
"","240299","Joseph Hodge","Wolverhampton","3","MID","2.3","0.0","6","2.00","2.61","0.87","0","0","0.00","2","1","0","0","2","0","0","0","0","0","0","0","0","0"
"","490146","Jay Stansfield","Fulham","4","STR","2.3","0.0","6","3.00","2.61","1.30","0","0","0.00","1","1","0","1","0","0","0","0","0","0","0","0","0","0"
"","109528","Javier Manquillo","Newcastle Utd","2","DEF","2.1","0.3","5","1.25","2.38","0.60","0","0","0.00","1","3","0","0","0","0","0","0","3","0","0","0","0","0"
"","197464","Nathaniel Phillips","Liverpool","2","DEF","2.7","0.1","5","1.67","1.85","0.62","0","0","0.00","1","2","0","0","0","0","0","1","1","0","1","0","0","0"
"","488404","Facundo Pellistri","Manchester Utd","3","MID","2.9","0.1","5","1.00","1.72","0.34","0","0","0.00","0","5","0","0","1","0","0","0","0","0","0","0","0","0"
"","509416","Yasin Ayari","B & H Albion","3","MID","2.5","0.0","5","1.25","2.00","0.50","0","0","0.00","1","3","0","0","2","0","0","0","0","0","0","0","0","0"
"","520295","David Datro Fofana","Chelsea","4","STR","3.0","0.0","5","1.25","1.67","0.42","0","0","0.00","1","3","0","0","0","0","0","0","0","0","0","0","0","0"
"","165659","Diego Carlos","Aston Villa","2","DEF","3.0","0.2","4","1.33","1.33","0.44","0","0","0.00","2","1","0","0","0","0","0","0","3","0","0","0","0","0"
"","437753","Giulian Biancone","Nottingham Forest","2","DEF","2.4","0.0","4","2.00","1.67","0.83","0","0","0.00","0","2","0","0","0","0","0","1","1","0","0","0","0","0"
"","194799","Jamal Lewis","Newcastle Utd","2","DEF","2.6","0.1","3","1.00","1.15","0.38","0","0","0.00","1","2","0","0","0","0","0","0","3","0","0","0","0","0"
"","450535","Malcolm Ebiowei","Crystal Palace","3","MID","2.4","0.1","3","1.00","1.25","0.42","0","0","0.00","0","3","0","0","1","0","0","0","0","0","0","0","0","0"
"","496208","Ben Doak","Liverpool","4","STR","2.5","0.1","3","1.00","1.20","0.40","0","0","0.00","0","3","0","0","0","0","0","0","0","0","0","0","0","0"
"","140200","Thomas Strakosha","Brentford","1","GK","2.7","0.0","2","2.00","0.74","0.74","0","0","0.00","1","0","0","0","0","0","0","0","1","0","0","0","0","0"
"","108823","Dele Alli","Everton","3","MID","3.0","0.2","2","1.00","0.67","0.33","0","0","0.00","0","2","0","0","0","0","0","0","0","0","0","0","0","0"
"","482769","Máximo Perrone","Manchester City","3","MID","3.3","0.0","2","1.00","0.61","0.30","0","0","0.00","0","2","0","0","0","0","0","0","0","0","0","0","0","0"
"","515024","Luke Harris","Fulham","3","MID","2.2","0.0","2","2.00","0.91","0.91","0","0","0.00","1","0","0","0","1","0","0","0","0","0","0","0","0","0"
"","128309","Jamal Lowe","Bournemouth","4","STR","2.7","0.0","2","1.00","0.74","0.37","0","0","0.00","0","2","0","0","0","0","0","0","0","0","0","0","0","0"
"","429414","Sasa Kalajdzic","Wolverhampton","4","STR","3.5","0.0","2","2.00","0.57","0.57","0","0","0.00","1","0","0","0","0","0","0","0","0","0","0","0","0","0"
"","479683","Marquinhos","Arsenal","4","STR","2.4","0.0","2","1.00","0.83","0.42","0","0","0.00","0","2","0","0","0","0","0","0","0","0","0","0","0","0"
"","111773","Emil Krafth","Newcastle Utd","2","DEF","2.6","0.0","1","1.00","0.38","0.38","0","0","0.00","0","1","0","0","0","0","0","0","0","0","0","0","0","0"
"","242885","Loïc Mbe Soh","Nottingham Forest","2","DEF","2.3","0.1","1","1.00","0.43","0.43","0","0","0.00","0","1","0","0","0","0","0","0","1","0","0","0","0","0"
"","133845","Emiliano Marcondes","Bournemouth","3","MID","2.7","0.0","1","1.00","0.37","0.37","0","0","0.00","0","1","0","0","0","0","0","0","0","0","0","0","0","0"
"","244930","Alex Mighten","Nottingham Forest","4","STR","2.2","0.0","1","1.00","0.45","0.45","0","0","0.00","0","1","0","0","0","0","0","0","0","0","0","0","0","0"
"","17601","Scott Carson","Manchester City","1","GK","2.4","0.1","0","0.00","0.00","0.00","0","0","0.00","0","0","0","0","0","0","0","0","0","0","0","0","0","0"
"","21205","Tom Heaton","Manchester Utd","1","GK","2.5","0.0","0","0.00","0.00","0.00","0","0","0.00","0","0","0","0","0","0","0","0","0","0","0","0","0","0"
"","202641","André Onana","Manchester Utd","1","GK","4.1","8.3","0","0.00","0.00","0.00","0","0","0.00","0","0","0","0","0","0","0","0","0","0","0","0","0","0"
"","59735","Karl Darlow","Newcastle Utd","1","GK","2.3","0.1","0","0.00","0.00","0.00","0","0","0.00","0","0","0","0","0","0","0","0","0","0","0","0","0","0"
"","60706","Adrián","Liverpool","1","GK","2.7","0.0","0","0.00","0.00","0.00","0","0","0.00","0","0","0","0","0","0","0","0","0","0","0","0","0","0"
"","77818","James Shea","Luton Town","1","GK","2.0","0.3","0","0.00","0.00","0.00","0","0","0.00","0","0","0","0","0","0","0","0","0","0","0","0","0","0"
"","82143","Wes Foderingham","Sheffield United","1","GK","2.2","0.4","0","0.00","0.00","0.00","0","0","0.00","0","0","0","0","0","0","0","0","0","0","0","0","0","0"
"","102549","Adam Davies","Sheffield United","1","GK","2.1","0.0","0","0.00","0.00","0.00","0","0","0.00","0","0","0","0","0","0","0","0","0","0","0","0","0","0"
"","104542","Loris Karius","Newcastle Utd","1","GK","2.3","0.0","0","0.00","0.00","0.00","0","0","0.00","0","0","0","0","0","0","0","0","0","0","0","0","0","0"
"","113534","Matt Macey","Luton Town","1","GK","2.1","0.1","0","0.00","0.00","0.00","0","0","0.00","0","0","0","0","0","0","0","0","0","0","0","0","0","0"
"","118342","Mark Flekken","Brentford","1","GK","2.9","1.6","0","0.00","0.00","0.00","0","0","0.00","0","0","0","0","0","0","0","0","0","0","0","0","0","0"
"","133085","Lawrence Vigouroux","Burnley","1","GK","2.0","0.1","0","0.00","0.00","0.00","0","0","0.00","0","0","0","0","0","0","0","0","0","0","0","0","0","0"
"","164484","Zack Steffen","Manchester City","1","GK","2.8","0.0","0","0.00","0.00","0.00","0","0","0.00","1","0","0","0","0","5","0","0","5","0","0","0","0","0"
"","207722","Jack Walton","Luton Town","1","GK","2.0","0.1","0","0.00","0.00","0.00","0","0","0.00","0","0","0","0","0","0","0","0","0","0","0","0","0","0"
"","213280","Jake Eastwood","Sheffield United","1","GK","2.0","0.0","0","0.00","0.00","0.00","0","0","0.00","0","0","0","0","0","0","0","0","0","0","0","0","0","0"
"","222627","João Virgínia","Everton","1","GK","2.5","0.0","0","0.00","0.00","0.00","0","0","0.00","0","0","0","0","0","0","0","0","0","0","0","0","0","0"
"","232917","Arijanet Muric","Burnley","1","GK","2.3","0.2","0","0.00","0.00","0.00","0","0","0.00","0","0","0","0","0","0","0","0","0","0","0","0","0","0"
"","471798","Gabriel Slonina","Chelsea","1","GK","2.6","0.1","0","0.00","0.00","0.00","0","0","0.00","0","0","0","0","0","0","0","0","0","0","0","0","0","0"
"","489639","Bart Verbruggen","B & H Albion","1","GK","2.9","0.3","0","0.00","0.00","0.00","0","0","0.00","0","0","0","0","0","0","0","0","0","0","0","0","0","0"
"","493347","Denis Franchi","Burnley","1","GK","2.0","0.1","0","0.00","0.00","0.00","0","0","0.00","0","0","0","0","0","0","0","0","0","0","0","0","0","0"
"","538206","Jordan Amissah","Sheffield United","1","GK","2.0","0.1","0","0.00","0.00","0.00","0","0","0.00","0","0","0","0","0","0","0","0","0","0","0","0","0","0"
"","184254","Guglielmo Vicario","Tottenham Hotspur","1","GK","2.5","4.1","0","0.00","0.00","0.00","0","0","0.00","0","0","0","0","0","0","0","0","0","0","0","0","0","0"
"","32259","Darren Randolph","Bournemouth","1","GK","2.3","0.0","0","0.00","0.00","0.00","0","0","0.00","0","0","0","0","0","0","0","0","0","0","0","0","0","0"
"","138001","Tom King","Wolverhampton","1","GK","2.1","0.0","0","0.00","0.00","0.00","0","0","0.00","0","0","0","0","0","0","0","0","0","0","0","0","0","0"
"","220037","Bailey Peacock-Farrell","Burnley","1","GK","2.1","0.0","0","0.00","0.00","0.00","0","0","0.00","0","0","0","0","0","0","0","0","0","0","0","0","0","0"
"","432720","James Trafford","Burnley","1","GK","2.4","1.3","0","0.00","0.00","0.00","0","0","0.00","0","0","0","0","0","0","0","0","0","0","0","0","0","0"
"","215531","Andrei Radu","Bournemouth","1","GK","2.4","0.0","0","0.00","0.00","0.00","0","0","0.00","0","0","0","0","0","0","0","0","0","0","0","0","0","0"
"","159506","Ola Aina","Nottingham Forest","2","DEF","2.3","0.1","0","0.00","0.00","0.00","0","0","0.00","0","0","0","0","0","0","0","0","0","0","0","0","0","0"
"","40386","Chris Basham","Sheffield United","2","DEF","2.2","0.3","0","0.00","0.00","0.00","0","0","0.00","0","0","0","0","0","0","0","0","0","0","0","0","0","0"
"","82691","George Baldock","Sheffield United","2","DEF","2.3","0.7","0","0.00","0.00","0.00","0","0","0.00","0","0","0","0","0","0","0","0","0","0","0","0","0","0"
"","83427","Jack Robinson","Sheffield United","2","DEF","2.2","0.2","0","0.00","0.00","0.00","0","0","0.00","0","0","0","0","0","0","0","0","0","0","0","0","0","0"
"","87835","Matt Doherty","Wolverhampton","2","DEF","3.4","0.3","0","0.00","0.00","0.00","0","0","0.00","0","0","0","0","0","0","0","0","0","0","0","0","0","0"
"","103914","Charlie Taylor","Burnley","2","DEF","2.3","0.3","0","0.00","0.00","0.00","0","0","0.00","0","0","0","0","0","0","0","0","0","0","0","0","0","0"
"","106618","Paul Dummett","Newcastle Utd","2","DEF","2.1","0.3","0","0.00","0.00","0.00","0","0","0.00","0","0","0","0","0","0","0","0","0","0","0","0","0","0"
"","108411","Daniel Potts","Luton Town","2","DEF","2.1","0.3","0","0.00","0.00","0.00","0","0","0.00","0","0","0","0","0","0","0","0","0","0","0","0","0","0"
"","108416","John Egan","Sheffield United","2","DEF","2.3","0.3","0","0.00","0.00","0.00","0","0","0.00","0","0","0","0","0","0","0","0","0","0","0","0","0","0"
"","108796","Tom Lockyer","Luton Town","2","DEF","2.3","0.5","0","0.00","0.00","0.00","0","0","0.00","0","0","0","0","0","0","0","0","0","0","0","0","0","0"
"","109434","Terence Kongolo","Fulham","2","DEF","2.4","0.1","0","0.00","0.00","0.00","0","0","0.00","0","0","0","0","0","0","0","0","0","0","0","0","0","0"
"","123354","Kortney Hause","Aston Villa","2","DEF","2.6","0.1","0","0.00","0.00","0.00","0","0","0.00","0","0","0","0","0","0","0","0","0","0","0","0","0","0"
"","152590","Alex Telles","Manchester Utd","2","DEF","3.4","0.2","0","0.00","0.00","0.00","0","0","0.00","0","0","0","0","0","0","0","0","0","0","0","0","0","0"
"","155197","Max Lowe","Sheffield United","2","DEF","2.2","0.1","0","0.00","0.00","0.00","0","0","0.00","0","0","0","0","0","0","0","0","0","0","0","0","0","0"
"","156658","Reece Burke","Luton Town","2","DEF","2.1","0.2","0","0.00","0.00","0.00","0","0","0.00","0","0","0","0","0","0","0","0","0","0","0","0","0","0"
"","165152","Glen Rea","Luton Town","2","DEF","2.0","5.5","0","0.00","0.00","0.00","0","0","0.00","0","0","0","0","0","0","0","0","0","0","0","0","0","0"
"","165183","Amari'i Bell","Luton Town","2","DEF","2.3","0.4","0","0.00","0.00","0.00","0","0","0.00","0","0","0","0","0","0","0","0","0","0","0","0","0","0"
"","192290","Connor Roberts","Burnley","2","DEF","2.4","0.8","0","0.00","0.00","0.00","0","0","0.00","0","0","0","0","0","0","0","0","0","0","0","0","0","0"
"","197365","Eric Bailly","Manchester Utd","2","DEF","2.8","0.1","0","0.00","0.00","0.00","0","0","0.00","0","0","0","0","0","0","0","0","0","0","0","0","0","0"
"","199056","Gabriel Osho","Luton Town","2","DEF","2.2","0.1","0","0.00","0.00","0.00","0","0","0.00","0","0","0","0","0","0","0","0","0","0","0","0","0","0"
"","199249","Sergio Reguilón","Tottenham Hotspur","2","DEF","3.4","0.1","0","0.00","0.00","0.00","0","0","0.00","0","0","0","0","0","0","0","0","0","0","0","0","0","0"
"","199598","Ethan Ampadu","Chelsea","2","DEF","2.6","0.1","0","0.00","0.00","0.00","0","0","0.00","0","0","0","0","0","0","0","0","0","0","0","0","0","0"
"","204727","Malang Sarr","Chelsea","2","DEF","2.6","0.1","0","0.00","0.00","0.00","0","0","0.00","0","0","0","0","0","0","0","0","0","0","0","0","0","0"
"","204822","Omar Richards","Nottingham Forest","2","DEF","2.3","0.1","0","0.00","0.00","0.00","0","0","0.00","0","0","0","0","0","0","0","0","0","0","0","0","0","0"
"","213687","Charlie Goode","Brentford","2","DEF","2.2","0.1","0","0.00","0.00","0.00","0","0","0.00","1","0","0","0","0","0","0","0","2","0","0","0","0","0"
"","214225","Joe Rodon","Tottenham Hotspur","2","DEF","2.5","0.1","0","0.00","0.00","0.00","0","0","0.00","0","0","0","0","0","0","0","0","0","0","0","0","0","0"
"","216616","Dara O'Shea","Burnley","2","DEF","2.3","0.2","0","0.00","0.00","0.00","0","0","0.00","0","0","0","0","0","0","0","0","0","0","0","0","0","0"
"","221403","Richie Laryea","Nottingham Forest","2","DEF","2.4","0.0","0","0.00","0.00","0.00","0","0","0.00","0","0","0","0","0","0","0","0","0","0","0","0","0","0"
"","226182","Jayden Bogle","Sheffield United","2","DEF","2.1","0.2","0","0.00","0.00","0.00","0","0","0.00","0","0","0","0","0","0","0","0","0","0","0","0","0","0"
"","232423","Nathan Ferguson","Crystal Palace","2","DEF","2.2","0.1","0","0.00","0.00","0.00","0","0","0.00","0","0","0","0","0","0","0","0","0","0","0","0","0","0"
"","232937","Brandon Williams","Manchester Utd","2","DEF","2.4","0.2","0","0.00","0.00","0.00","0","0","0.00","0","0","0","0","0","0","0","0","0","0","0","0","0","0"
"","233821","Anel Ahmedhodzic","Sheffield United","2","DEF","2.3","0.9","0","0.00","0.00","0.00","0","0","0.00","0","0","0","0","0","0","0","0","0","0","0","0","0","0"
"","241231","Jordan Beyer","Burnley","2","DEF","2.2","1.3","0","0.00","0.00","0.00","0","0","0.00","0","0","0","0","0","0","0","0","0","0","0","0","0","0"
"","437626","Nuno Tavares","Arsenal","2","DEF","2.5","0.1","0","0.00","0.00","0.00","0","0","0.00","0","0","0","0","0","0","0","0","0","0","0","0","0","0"
"","441455","Vitinho","Burnley","2","DEF","2.4","0.2","0","0.00","0.00","0.00","0","0","0.00","0","0","0","0","0","0","0","0","0","0","0","0","0","0"
"","443211","Rhys Davies","Sheffield United","2","DEF","2.2","0.1","0","0.00","0.00","0.00","0","0","0.00","0","0","0","0","0","0","0","0","0","0","0","0","0","0"
"","461102","Bobby Thomas","Burnley","2","DEF","2.1","0.2","0","0.00","0.00","0.00","0","0","0.00","0","0","0","0","0","0","0","0","0","0","0","0","0","0"
"","478969","Hjalmar Ekdal","Burnley","2","DEF","2.2","0.1","0","0.00","0.00","0.00","0","0","0.00","0","0","0","0","0","0","0","0","0","0","0","0","0","0"
"","480455","Jarrad Branthwaite","Everton","2","DEF","2.2","0.2","0","0.00","0.00","0.00","0","0","0.00","0","0","0","0","0","0","0","0","0","0","0","0","0","0"
"","483391","Luke McNally","Burnley","2","DEF","2.2","0.2","0","0.00","0.00","0.00","0","0","0.00","0","0","0","0","0","0","0","0","0","0","0","0","0","0"
"","487053","Destiny Udogie","Tottenham Hotspur","2","DEF","2.6","1.9","0","0.00","0.00","0.00","0","0","0.00","0","0","0","0","0","0","0","0","0","0","0","0","0","0"
"","487968","Ameen Al Dakhil","Burnley","2","DEF","2.2","0.1","0","0.00","0.00","0.00","0","0","0.00","0","0","0","0","0","0","0","0","0","0","0","0","0","0"
"","514231","Dan Sassi","Burnley","2","DEF","2.0","5.1","0","0.00","0.00","0.00","0","0","0.00","0","0","0","0","0","0","0","0","0","0","0","0","0","0"
"","518612","Luizão","West Ham Utd","2","DEF","2.5","0.1","0","0.00","0.00","0.00","0","0","0.00","0","0","0","0","0","0","0","0","0","0","0","0","0","0"
"","581538","Sai Sachdev","Sheffield United","2","DEF","2.0","6.3","0","0.00","0.00","0.00","0","0","0.00","0","0","0","0","0","0","0","0","0","0","0","0","0","0"
"","18892","Ashley Young","Everton","2","DEF","2.5","0.8","0","0.00","0.00","0.00","0","0","0.00","0","0","0","0","0","0","0","0","0","0","0","0","0","0"
"","208904","Mads Andersen","Luton Town","2","DEF","2.2","0.1","0","0.00","0.00","0.00","0","0","0.00","0","0","0","0","0","0","0","0","0","0","0","0","0","0"
"","244954","Pau Torres","Aston Villa","2","DEF","3.4","3.0","0","0.00","0.00","0.00","0","0","0.00","0","0","0","0","0","0","0","0","0","0","0","0","0","0"
"","445122","Jurrien Timber","Arsenal","2","DEF","3.1","10.4","0","0.00","0.00","0.00","0","0","0.00","0","0","0","0","0","0","0","0","0","0","0","0","0","0"
"","432711","CJ Egan-Riley","Burnley","2","DEF","2.1","0.2","0","0.00","0.00","0.00","0","0","0.00","0","0","0","0","0","0","0","0","0","0","0","0","0","0"
"","441271","Ki-Jana Hoever","Wolverhampton","2","DEF","2.3","0.1","0","0.00","0.00","0.00","0","0","0.00","0","0","0","0","0","0","0","0","0","0","0","0","0","0"
"","432990","Yasser Larouci","Sheffield United","2","DEF","2.2","0.1","0","0.00","0.00","0.00","0","0","0.00","0","0","0","0","0","0","0","0","0","0","0","0","0","0"
"","544877","Milos Kerkez","Bournemouth","2","DEF","2.5","0.1","0","0.00","0.00","0.00","0","0","0.00","0","0","0","0","0","0","0","0","0","0","0","0","0","0"
"","476369","Issa Kabore","Luton Town","2","DEF","2.2","0.3","0","0.00","0.00","0.00","0","0","0.00","0","0","0","0","0","0","0","0","0","0","0","0","0","0"
"","477424","Josko Gvardiol","Manchester City","2","DEF","4.3","0.6","0","0.00","0.00","0.00","0","0","0.00","0","0","0","0","0","0","0","0","0","0","0","0","0","0"
"","232892","Calvin Bassey","Fulham","2","DEF","2.8","0.2","0","0.00","0.00","0.00","0","0","0.00","0","0","0","0","0","0","0","0","0","0","0","0","0","0"
"","482609","Malo Gusto","Chelsea","2","DEF","2.5","0.1","0","0.00","0.00","0.00","0","0","0.00","0","0","0","0","0","0","0","0","0","0","0","0","0","0"
"","223434","Igor Julio","B & H Albion","2","DEF","2.7","0.1","0","0.00","0.00","0.00","0","0","0.00","0","0","0","0","0","0","0","0","0","0","0","0","0","0"
"","232351","Ryan Giles","Luton Town","2","DEF","2.2","0.1","0","0.00","0.00","0.00","0","0","0.00","0","0","0","0","0","0","0","0","0","0","0","0","0","0"
"","220362","Axel Disasi","Chelsea","2","DEF","3.8","0.1","0","0.00","0.00","0.00","0","0","0.00","0","0","0","0","0","0","0","0","0","0","0","0","0","0"
"","40145","Jack Cork","Burnley","3","MID","2.4","0.1","0","0.00","0.00","0.00","0","0","0.00","0","0","0","0","0","0","0","0","0","0","0","0","0","0"
"","47247","John Fleck","Sheffield United","3","MID","2.3","0.1","0","0.00","0.00","0.00","0","0","0.00","0","0","0","0","0","0","0","0","0","0","0","0","0","0"
"","48615","Harry Arter","Nottingham Forest","3","MID","2.2","0.1","0","0.00","0.00","0.00","0","0","0.00","0","0","0","0","0","0","0","0","0","0","0","0","0","0"
"","49083","Luke Freeman","Luton Town","3","MID","2.2","0.1","0","0.00","0.00","0.00","0","0","0.00","0","0","0","0","0","0","0","0","0","0","0","0","0","0"
"","60586","Jóhann Gudmundsson","Burnley","3","MID","2.7","0.2","0","0.00","0.00","0.00","0","0","0.00","0","0","0","0","0","0","0","0","0","0","0","0","0","0"
"","79934","Oliver Norwood","Sheffield United","3","MID","2.4","0.3","0","0.00","0.00","0.00","0","0","0.00","0","0","0","0","0","0","0","0","0","0","0","0","0","0"
"","82738","Luke Berry","Luton Town","3","MID","2.3","0.1","0","0.00","0.00","0.00","0","0","0.00","0","0","0","0","0","0","0","0","0","0","0","0","0","0"
"","83314","Jeff Hendrick","Newcastle Utd","3","MID","2.7","0.0","0","0.00","0.00","0.00","0","0","0.00","1","0","0","0","0","0","0","0","0","0","0","0","0","0"
"","83543","Anthony Knockaert","Fulham","3","MID","2.5","0.1","0","0.00","0.00","0.00","0","0","0.00","0","0","0","0","0","0","0","0","0","0","0","0","0","0"
"","104047","Pelly-Ruddock Mpanzu","Luton Town","3","MID","2.4","0.2","0","0.00","0.00","0.00","0","0","0.00","0","0","0","0","0","0","0","0","0","0","0","0","0","0"
"","96784","Jordan Clark","Luton Town","3","MID","2.4","0.1","0","0.00","0.00","0.00","0","0","0.00","0","0","0","0","0","0","0","0","0","0","0","0","0","0"
"","120250","André Gomes","Everton","3","MID","2.7","0.0","0","0.00","0.00","0.00","0","0","0.00","0","0","0","0","0","0","0","0","0","0","0","0","0","0"
"","153127","Isaac Hayden","Newcastle Utd","3","MID","2.7","0.0","0","0.00","0.00","0.00","0","0","0.00","0","0","0","0","0","0","0","0","0","0","0","0","0","0"
"","160987","Jean Gbamin","Everton","3","MID","2.2","0.0","0","0.00","0.00","0.00","0","0","0.00","0","0","0","0","0","0","0","0","0","0","0","0","0","0"
"","167878","Ben Osborn","Sheffield United","3","MID","2.2","0.0","0","0.00","0.00","0.00","0","0","0.00","0","0","0","0","0","0","0","0","0","0","0","0","0","0"
"","168035","Fred Onyedinma","Luton Town","3","MID","2.2","0.0","0","0.00","0.00","0.00","0","0","0.00","0","0","0","0","0","0","0","0","0","0","0","0","0","0"
"","168090","Mahmoud Dahoud","B & H Albion","3","MID","2.9","0.3","0","0.00","0.00","0.00","0","0","0.00","0","0","0","0","0","0","0","0","0","0","0","0","0","0"
"","179458","Jacob Bruun Larsen","Burnley","3","MID","2.3","0.0","0","0.00","0.00","0.00","0","0","0.00","0","0","0","0","0","0","0","0","0","0","0","0","0","0"
"","201666","Harvey Barnes","Newcastle Utd","3","MID","4.4","2.9","0","0.00","0.00","0.00","0","0","0.00","0","0","0","0","0","0","0","0","0","0","0","0","0","0"
"","172567","Josh Cullen","Burnley","3","MID","2.4","0.2","0","0.00","0.00","0.00","0","0","0.00","0","0","0","0","0","0","0","0","0","0","0","0","0","0"
"","172782","Josh Brownhill","Burnley","3","MID","2.8","1.0","0","0.00","0.00","0.00","0","0","0.00","0","0","0","0","0","0","0","0","0","0","0","0","0","0"
"","180151","Nikola Vlasic","West Ham Utd","3","MID","3.0","0.0","0","0.00","0.00","0.00","0","0","0.00","0","0","0","0","0","0","0","0","0","0","0","0","0","0"
"","184704","Marvelous Nakamba","Luton Town","3","MID","2.5","1.4","0","0.00","0.00","0.00","0","0","0.00","0","0","0","0","0","0","0","0","0","0","0","0","0","0"
"","189776","Samuel Bastien","Burnley","3","MID","2.2","0.1","0","0.00","0.00","0.00","0","0","0.00","0","0","0","0","0","0","0","0","0","0","0","0","0","0"
"","193195","Allan Campbell","Luton Town","3","MID","2.4","0.1","0","0.00","0.00","0.00","0","0","0.00","0","0","0","0","0","0","0","0","0","0","0","0","0","0"
"","200826","Giovani Lo Celso","Tottenham Hotspur","3","MID","2.5","0.2","0","0.00","0.00","0.00","0","0","0.00","0","0","0","0","0","0","0","0","0","0","0","0","0","0"
"","207189","Sander Berge","Sheffield United","3","MID","2.4","0.5","0","0.00","0.00","0.00","0","0","0.00","0","0","0","0","0","0","0","0","0","0","0","0","0","0"
"","243557","Moussa Diaby","Aston Villa","3","MID","4.0","5.2","0","0.00","0.00","0.00","0","0","0.00","0","0","0","0","0","0","0","0","0","0","0","0","0","0"
"","222017","Conor Coventry","West Ham Utd","3","MID","2.2","0.1","0","0.00","0.00","0.00","0","0","0.00","0","0","0","0","0","0","0","0","0","0","0","0","0","0"
"","222683","Justin Kluivert","Bournemouth","3","MID","2.6","0.9","0","0.00","0.00","0.00","0","0","0.00","0","0","0","0","0","0","0","0","0","0","0","0","0","0"
"","223333","Louie Watson","Luton Town","3","MID","2.1","0.3","0","0.00","0.00","0.00","0","0","0.00","0","0","0","0","0","0","0","0","0","0","0","0","0","0"
"","226473","Scott Twine","Burnley","3","MID","2.2","0.1","0","0.00","0.00","0.00","0","0","0.00","0","0","0","0","0","0","0","0","0","0","0","0","0","0"
"","231372","Tanguy Ndombélé","Tottenham Hotspur","3","MID","3.1","0.1","0","0.00","0.00","0.00","0","0","0.00","0","0","0","0","0","0","0","0","0","0","0","0","0","0"
"","232477","Elliot Thorpe","Luton Town","3","MID","2.0","0.0","0","0.00","0.00","0.00","0","0","0.00","0","0","0","0","0","0","0","0","0","0","0","0","0","0"
"","235382","Steven Alzate","B & H Albion","3","MID","2.4","0.0","0","0.00","0.00","0.00","0","0","0.00","0","0","0","0","0","0","0","0","0","0","0","0","0","0"
"","243505","Jakub Moder","B & H Albion","3","MID","2.6","0.0","0","0.00","0.00","0.00","0","0","0.00","0","0","0","0","0","0","0","0","0","0","0","0","0","0"
"","243532","Dion Pereira","Luton Town","3","MID","2.2","0.1","0","0.00","0.00","0.00","0","0","0.00","0","0","0","0","0","0","0","0","0","0","0","0","0","0"
"","244262","Alfie Doughty","Luton Town","3","MID","2.2","0.2","0","0.00","0.00","0.00","0","0","0.00","0","0","0","0","0","0","0","0","0","0","0","0","0","0"
"","245923","Luke Cundle","Wolverhampton","3","MID","2.1","0.2","0","0.00","0.00","0.00","0","0","0.00","0","0","0","0","0","0","0","0","0","0","0","0","0","0"
"","424876","Dominik Szoboszlai","Liverpool","3","MID","4.0","4.7","0","0.00","0.00","0.00","0","0","0.00","0","0","0","0","0","0","0","0","0","0","0","0","0","0"
"","428610","Bruno Jordão","Wolverhampton","3","MID","2.4","0.0","0","0.00","0.00","0.00","0","0","0.00","0","0","0","0","0","0","0","0","0","0","0","0","0","0"
"","432422","Sandro Tonali","Newcastle Utd","3","MID","3.7","1.7","0","0.00","0.00","0.00","0","0","0.00","0","0","0","0","0","0","0","0","0","0","0","0","0","0"
"","432931","Tyrese Francois","Fulham","3","MID","2.2","0.1","0","0.00","0.00","0.00","0","0","0.00","0","0","0","0","0","0","0","0","0","0","0","0","0","0"
"","436702","Marcel Lewis","Burnley","3","MID","2.0","3.5","0","0.00","0.00","0.00","0","0","0.00","0","0","0","0","0","0","0","0","0","0","0","0","0","0"
"","440993","Iliman Ndiaye","Sheffield United","3","MID","2.7","0.4","0","0.00","0.00","0.00","0","0","0.00","0","0","0","0","0","0","0","0","0","0","0","0","0","0"
"","461682","Brandon Aguilera","Nottingham Forest","3","MID","2.2","0.1","0","0.00","0.00","0.00","0","0","0.00","0","0","0","0","0","0","0","0","0","0","0","0","0","0"
"","476938","Ismaila Coulibaly","Sheffield United","3","MID","2.1","0.3","0","0.00","0.00","0.00","0","0","0.00","0","0","0","0","0","0","0","0","0","0","0","0","0","0"
"","481405","Mads Bidstrup","Brentford","3","MID","2.5","0.0","0","0.00","0.00","0.00","0","0","0.00","0","0","0","0","0","0","0","0","0","0","0","0","0","0"
"","491970","Bobby Clark","Liverpool","3","MID","2.2","0.1","0","0.00","0.00","0.00","0","0","0.00","0","0","0","0","0","0","0","0","0","0","0","0","0","0"
"","532372","Oliver Arblaster","Sheffield United","3","MID","2.0","0.4","0","0.00","0.00","0.00","0","0","0.00","0","0","0","0","0","0","0","0","0","0","0","0","0","0"
"","532605","Andrey Santos","Chelsea","3","MID","3.0","0.2","0","0.00","0.00","0.00","0","0","0.00","0","0","0","0","0","0","0","0","0","0","0","0","0","0"
"","538210","Andre Brooks","Sheffield United","3","MID","2.0","3.9","0","0.00","0.00","0.00","0","0","0.00","0","0","0","0","0","0","0","0","0","0","0","0","0","0"
"","589113","Casey Pettit","Luton Town","3","MID","2.0","3.1","0","0.00","0.00","0.00","0","0","0.00","0","0","0","0","0","0","0","0","0","0","0","0","0","0"
"","209046","Callum Hudson-Odoi","Chelsea","3","MID","3.1","0.1","0","0.00","0.00","0.00","0","0","0.00","0","0","0","0","0","0","0","0","0","0","0","0","0","0"
"","222677","Tahith Chong","Luton Town","3","MID","2.5","0.3","0","0.00","0.00","0.00","0","0","0.00","0","0","0","0","0","0","0","0","0","0","0","0","0","0"
"","235674","Manor Solomon","Tottenham Hotspur","3","MID","3.3","0.3","0","0.00","0.00","0.00","0","0","0.00","0","0","0","0","0","0","0","0","0","0","0","0","0","0"
"","504198","Anis Slimane","Sheffield United","3","MID","2.2","0.1","0","0.00","0.00","0.00","0","0","0.00","0","0","0","0","0","0","0","0","0","0","0","0","0","0"
"","83283","Nathan Redmond","Burnley","3","MID","2.4","0.2","0","0.00","0.00","0.00","0","0","0.00","0","0","0","0","0","0","0","0","0","0","0","0","0","0"
"","487702","Luca Koleosho","Burnley","3","MID","2.5","0.0","0","0.00","0.00","0.00","0","0","0.00","0","0","0","0","0","0","0","0","0","0","0","0","0","0"
"","441302","Ian Maatsen","Chelsea","3","MID","3.0","0.1","0","0.00","0.00","0.00","0","0","0.00","0","0","0","0","0","0","0","0","0","0","0","0","0","0"
"","503714","Lesley Ugochukwu","Chelsea","3","MID","2.2","0.0","0","0.00","0.00","0.00","0","0","0.00","0","0","0","0","0","0","0","0","0","0","0","0","0","0"
"","44683","Jay Rodríguez","Burnley","4","STR","2.4","0.2","0","0.00","0.00","0.00","0","0","0.00","0","0","0","0","0","0","0","0","0","0","0","0","0","0"
"","66749","Romelu Lukaku","Chelsea","4","STR","6.7","1.5","0","0.00","0.00","0.00","0","0","0.00","0","0","0","0","0","0","0","0","0","0","0","0","0","0"
"","91046","Cauley Woodrow","Luton Town","4","STR","2.5","0.1","0","0.00","0.00","0.00","0","0","0.00","0","0","0","0","0","0","0","0","0","0","0","0","0","0"
"","156700","Carlton Morris","Luton Town","4","STR","2.9","1.0","0","0.00","0.00","0.00","0","0","0.00","0","0","0","0","0","0","0","0","0","0","0","0","0","0"
"","166324","Ivan Cavaleiro","Fulham","4","STR","3.2","0.0","0","0.00","0.00","0.00","0","0","0.00","0","0","0","0","0","0","0","0","0","0","0","0","0","0"
"","169432","Oliver McBurnie","Sheffield United","4","STR","2.7","0.2","0","0.00","0.00","0.00","0","0","0.00","0","0","0","0","0","0","0","0","0","0","0","0","0","0"
"","174310","Elijah Adebayo","Luton Town","4","STR","2.7","0.2","0","0.00","0.00","0.00","0","0","0.00","0","0","0","0","0","0","0","0","0","0","0","0","0","0"
"","174595","Admiral Muskwe","Luton Town","4","STR","2.3","0.0","0","0.00","0.00","0.00","0","0","0.00","0","0","0","0","0","0","0","0","0","0","0","0","0","0"
"","183751","Benson Manuel","Burnley","4","STR","2.3","0.2","0","0.00","0.00","0.00","0","0","0.00","0","0","0","0","0","0","0","0","0","0","0","0","0","0"
"","492831","Zeki Amdouni","Burnley","4","STR","2.9","0.1","0","0.00","0.00","0.00","0","0","0.00","0","0","0","0","0","0","0","0","0","0","0","0","0","0"
"","195473","Rhian Brewster","Sheffield United","4","STR","2.5","0.1","0","0.00","0.00","0.00","0","0","0.00","0","0","0","0","0","0","0","0","0","0","0","0","0","0"
"","195735","Nicolas Pépé","Arsenal","4","STR","4.0","0.1","0","0.00","0.00","0.00","0","0","0.00","0","0","0","0","0","0","0","0","0","0","0","0","0","0"
"","201440","Hwang Jo","Nottingham Forest","4","STR","2.4","0.0","0","0.00","0.00","0.00","0","0","0.00","0","0","0","0","0","0","0","0","0","0","0","0","0","0"
"","204676","Andi Zeqiri","B & H Albion","4","STR","2.8","0.0","0","0.00","0.00","0.00","0","0","0.00","0","0","0","0","0","0","0","0","0","0","0","0","0","0"
"","213198","Christopher Nkunku","Chelsea","4","STR","5.6","3.5","0","0.00","0.00","0.00","0","0","0.00","0","0","0","0","0","0","0","0","0","0","0","0","0","0"
"","213345","Wesley","Aston Villa","4","STR","2.2","0.0","0","0.00","0.00","0.00","0","0","0.00","0","0","0","0","0","0","0","0","0","0","0","0","0","0"
"","220307","Arnaut Danjuma","Everton","4","STR","3.2","0.2","0","0.00","0.00","0.00","0","0","0.00","0","0","0","0","0","0","0","0","0","0","0","0","0","0"
"","221239","Keinan Davis","Aston Villa","4","STR","2.2","0.0","0","0.00","0.00","0.00","0","0","0.00","0","0","0","0","0","0","0","0","0","0","0","0","0","0"
"","229164","Chiedozie Ogbene","Luton Town","4","STR","2.6","0.0","0","0.00","0.00","0.00","0","0","0.00","0","0","0","0","0","0","0","0","0","0","0","0","0","0"
"","233425","Aaron Connolly","B & H Albion","4","STR","2.9","0.0","0","0.00","0.00","0.00","0","0","0.00","0","1","0","0","0","0","0","0","0","0","0","0","0","0"
"","244042","Rodrigo Muniz","Fulham","4","STR","3.0","0.0","0","0.00","0.00","0.00","0","0","0.00","0","0","0","0","0","0","0","0","0","0","0","0","0","0"
"","250735","Darko Churlinov","Burnley","4","STR","2.1","0.0","0","0.00","0.00","0.00","0","0","0.00","0","0","0","0","0","0","0","0","0","0","0","0","0","0"
"","422303","John McAtee","Luton Town","4","STR","2.2","0.1","0","0.00","0.00","0.00","0","0","0.00","0","0","0","0","0","0","0","0","0","0","0","0","0","0"
"","434662","Halil Dervisoglu","Brentford","4","STR","2.5","0.0","0","0.00","0.00","0.00","0","0","0.00","0","0","0","0","0","0","0","0","0","0","0","0","0","0"
"","435973","Lyle Foster","Burnley","4","STR","2.1","0.0","0","0.00","0.00","0.00","0","0","0.00","0","0","0","0","0","0","0","0","0","0","0","0","0","0"
"","430871","Matheus Cunha","Wolverhampton","4","STR","3.4","0.0","0","0.00","0.00","0.00","0","0","0.00","0","0","0","0","0","0","0","0","0","0","0","0","0","0"
"","449988","Fábio Silva","Wolverhampton","4","STR","3.3","0.1","0","0.00","0.00","0.00","0","0","0.00","0","0","0","0","0","0","0","0","0","0","0","0","0","0"
"","450541","Luke Plange","Crystal Palace","4","STR","2.2","0.0","0","0.00","0.00","0.00","0","0","0.00","0","0","0","0","0","0","0","0","0","0","0","0","0","0"
"","453537","Carlos Mendes","Luton Town","4","STR","2.4","0.0","0","0.00","0.00","0.00","0","0","0.00","0","0","0","0","0","0","0","0","0","0","0","0","0","0"
"","461421","Lewis Dobbin","Everton","4","STR","2.2","0.0","0","0.00","0.00","0.00","0","0","0.00","0","1","0","0","0","0","0","0","0","0","0","0","0","0"
"","475168","João Pedro","B & H Albion","4","STR","3.0","2.2","0","0.00","0.00","0.00","0","0","0.00","0","0","0","0","0","0","0","0","0","0","0","0","0","0"
"","490180","Aribim Pepple","Luton Town","4","STR","2.1","0.0","0","0.00","0.00","0.00","0","0","0.00","0","0","0","0","0","0","0","0","0","0","0","0","0","0"
"","493250","Amad Diallo","Manchester Utd","4","STR","2.7","0.0","0","0.00","0.00","0.00","0","0","0.00","2","0","0","0","0","0","0","0","0","0","0","0","0","0"
"","510363","Chiquinho","Wolverhampton","4","STR","3.2","0.1","0","0.00","0.00","0.00","0","0","0.00","0","0","0","0","0","0","0","0","0","0","0","0","0","0"
"","511783","Anass Zaroury","Burnley","4","STR","2.7","0.1","0","0.00","0.00","0.00","0","0","0.00","0","0","0","0","0","0","0","0","0","0","0","0","0","0"
"","517052","Nicolas Jackson","Chelsea","4","STR","3.8","7.2","0","0.00","0.00","0.00","0","0","0.00","0","0","0","0","0","0","0","0","0","0","0","0","0","0"
"","523700","Daniel Jebbison","Sheffield United","4","STR","2.2","0.0","0","0.00","0.00","0.00","0","0","0.00","0","0","0","0","0","0","0","0","0","0","0","0","0","0"
"","530873","Dara Costelloe","Burnley","4","STR","2.0","0.1","0","0.00","0.00","0.00","0","0","0.00","0","0","0","0","0","0","0","0","0","0","0","0","0","0"
"","538207","William Osula","Sheffield United","4","STR","2.1","0.0","0","0.00","0.00","0.00","0","0","0.00","0","0","0","0","0","0","0","0","0","0","0","0","0","0"
"","554921","Joseph Taylor","Luton Town","4","STR","2.1","0.1","0","0.00","0.00","0.00","0","0","0.00","0","0","0","0","0","0","0","0","0","0","0","0","0","0"
"","578614","Enock Agyei","Burnley","4","STR","2.3","0.0","0","0.00","0.00","0.00","0","0","0.00","0","0","0","0","0","0","0","0","0","0","0","0","0","0"
"","487837","Divin Mubama","West Ham Utd","4","STR","2.8","0.1","0","0.00","0.00","0.00","0","0","0.00","0","0","0","0","0","0","0","0","0","0","0","0","0","0"
"","523957","Benie Traore","Sheffield United","4","STR","2.3","0.1","0","0.00","0.00","0.00","0","0","0.00","0","0","0","0","0","0","0","0","0","0","0","0","0","0"
"","535818","Simon Adingra","B & H Albion","4","STR","2.5","0.1","0","0.00","0.00","0.00","0","0","0.00","0","0","0","0","0","0","0","0","0","0","0","0","0","0"
"","497894","Rasmus Højlund","Manchester Utd","4","STR","4.8","0.7","0","0.00","0.00","0.00","0","0","0.00","0","0","0","0","0","0","0","0","0","0","0","0","0","0"